CustomerID,Recency,Frequency,TotalPrice,Cluster
12346,325,2,0.0,1
12347,1,7,4310.0,0
12348,74,4,1797.24,0
12349,18,1,1757.55,0
12350,309,1,334.4,1
12352,35,11,1545.41,0
12353,203,1,89.0,2
12354,231,1,1079.4,1
12355,213,1,459.4,2
12356,22,3,2811.43,0
12357,32,1,6207.67,0
12358,1,2,1168.06,0
12359,7,6,6245.53,0
12360,51,3,2662.06,0
12361,286,1,189.9,1
12362,2,13,5154.58,0
12363,109,2,552.0,2
12364,7,4,1313.1,0
12365,290,3,320.69,1
12367,3,1,168.9,0
12370,50,4,3545.69,0
12371,44,2,1887.96,0
12372,71,3,1298.04,0
12373,310,1,364.6,1
12374,24,1,742.9300000000001,0
12375,2,3,455.42,0
12377,314,2,1628.12,1
12378,129,1,4008.62,2
12379,81,3,850.29,0
12380,21,5,2720.56,0
12381,4,6,1803.96,0
12383,184,6,1839.31,2
12384,28,3,566.16,0
12386,337,2,401.9,1
12388,15,6,2780.66,0
12390,79,1,549.84,0
12391,21,1,460.89,0
12393,71,4,1582.6000000000001,0
12394,63,2,1272.48,0
12395,15,15,2998.28,0
12397,35,2,2409.9,0
12398,45,1,1635.6599999999999,0
12399,118,4,1108.65,2
12401,302,1,84.3,1
12402,322,1,225.6,1
12403,49,2,409.7,0
12405,148,1,1710.39,2
12406,21,3,3280.75,0
12407,49,5,1708.1200000000001,0
12408,32,9,2842.57,0
12409,78,7,11056.93,0
12410,300,3,681.0799999999999,1
12412,74,3,1226.88,0
12413,66,5,694.15,0
12414,216,3,562.41,2
12415,23,26,123725.45,0
12417,2,12,3578.8,0
12418,112,1,668.58,2
12420,63,1,600.39,0
12421,15,5,806.27,0
12422,95,3,803.5600000000001,2
12423,0,9,1849.11,0
12424,162,2,1760.96,2
12425,77,1,777.2,0
12426,194,1,582.73,2
12427,11,5,708.37,0
12428,25,12,7877.2,0
12429,8,4,3750.4,0
12430,42,1,256.4,0
12431,35,18,6416.39,0
12432,42,5,5059.32,0
12433,0,7,13375.87,0
12434,84,4,765.19,0
12435,79,2,7829.89,0
12436,99,1,509.01,2
12437,1,19,4896.66,0
12438,13,2,2906.85,0
12441,366,1,173.55,1
12442,2,1,172.06,0
12444,20,5,5005.46,0
12445,21,1,133.4,0
12446,57,1,1002.3100000000001,0
12447,242,1,476.49,1
12448,43,1,449.45,0
12449,21,4,4067.29,0
12450,155,2,197.88,2
12451,10,6,8933.52,0
12452,16,3,428.57,0
12453,133,1,707.09,2
12454,52,2,5.684341886080802e-14,0
12455,72,6,2466.86,0
12456,43,4,3153.89,0
12457,57,12,1917.78,0
12458,70,2,947.4,0
12461,93,2,826.88,2
12462,1,4,1124.01,0
12463,45,7,1303.63,0
12464,9,8,1212.05,0
12465,7,3,733.89,0
12468,142,3,724.0400000000001,2
12471,1,49,18740.92,0
12472,30,13,6229.48,0
12473,28,9,2848.23,0
12474,16,30,7116.47,0
12475,53,1,723.38,0
12476,0,20,6546.58,0
12477,22,9,13117.01,0
12478,3,1,680.99,0
12479,3,3,477.3,0
12480,27,4,3281.63,0
12481,22,11,5590.86,0
12483,16,13,2327.13,0
12484,32,8,4495.27,0
12488,9,3,1298.66,0
12489,335,1,334.93,1
12490,4,10,5417.93,0
12491,38,1,460.40000000000003,0
12492,62,2,263.21000000000004,0
12493,165,3,416.79,2
12494,9,13,1139.3500000000001,0
12497,81,1,1043.1,0
12498,20,3,403.70000000000005,0
12500,22,13,4206.27,0
12501,314,2,2089.68,1
12502,95,5,3723.87,2
12503,337,1,-1126.0,1
12504,17,4,114.0,0
12505,300,1,-4.5,1
12506,232,1,73.5,1
12507,133,4,1258.06,2
12508,25,2,398.27,0
12509,283,1,176.5,1
12510,142,2,982.5699999999999,2
12512,65,2,138.03,0
12513,84,2,586.79,0
12514,266,1,1017.68,1
12515,352,1,383.7,1
12516,77,2,1312.06,0
12517,27,6,2464.89,0
12518,0,5,2056.89,0
12519,63,1,340.84,0
12520,78,6,2582.51,0
12521,142,1,599.68,2
12522,38,2,192.72,0
12523,1,13,1745.57,0
12524,8,8,4485.72,0
12526,0,3,1316.66,0
12527,81,3,348.71000000000004,0
12528,8,8,1922.28,0
12530,59,5,1623.63,0
12531,14,1,125.22,0
12532,29,1,349.83000000000004,0
12534,130,1,1089.18,2
12535,91,2,716.35,2
12536,7,5,4106.82,0
12538,28,1,363.95,0
12539,21,5,3852.5,0
12540,19,19,13309.039999999999,0
12541,29,3,981.18,0
12544,29,2,355.7,0
12545,74,2,1000.39,0
12546,46,3,1141.5,0
12547,197,2,207.79999999999998,2
12548,165,1,95.19999999999999,2
12550,78,1,964.83,0
12551,357,1,168.0,1
12552,38,2,437.82,0
12553,7,14,3652.25,0
12556,49,2,603.71,0
12557,15,5,11990.960000000001,0
12558,1,2,1.0658141036401503e-14,0
12559,310,3,536.21,1
12560,4,4,2101.39,0
12561,302,1,238.85,1
12562,7,7,3781.7400000000002,0
12564,260,1,456.9,1
12565,281,2,131.17,1
12566,72,2,346.7,0
12567,22,11,9114.94,0
12569,1,35,4064.9900000000002,0
12571,39,2,519.61,0
12572,8,3,1004.72,0
12573,226,1,160.54000000000002,1
12574,315,1,218.45,1
12576,35,6,1306.98,0
12577,34,4,595.4,0
12578,20,4,2753.36,0
12579,72,3,410.72,0
12580,246,1,415.7,1
12581,39,1,197.71,0
12582,238,2,511.36,1
12583,2,18,7187.34,0
12584,3,18,1893.95,0
12585,233,4,1982.81,1
12586,16,2,179.94000000000003,0
12587,7,1,144.0,0
12588,38,1,214.89999999999998,0
12589,28,2,646.68,0
12590,189,3,9861.38,2
12591,316,1,452.84999999999997,1
12592,91,2,437.6,2
12593,108,3,418.09999999999997,2
12594,37,11,3320.2200000000003,0
12596,50,2,618.27,0
12597,18,5,3683.13,0
12598,9,9,3002.68,0
12599,28,7,1032.58,0
12600,28,11,2581.04,0
12601,189,6,569.5600000000001,2
12602,58,1,153.12,0
12603,21,1,739.1999999999999,0
12604,78,2,254.18,0
12605,364,1,-7.5,1
12607,57,2,3.552713678800501e-15,0
12609,77,3,1126.85,0
12610,22,7,2057.99,0
12611,51,1,1193.32,0
12612,57,2,643.59,0
12613,30,6,3218.98,0
12614,277,1,315.6,1
12615,1,4,2291.19,0
12616,84,5,657.25,0
12617,28,1,355.53,0
12618,21,1,177.31,0
12619,15,13,3214.81,0
12620,14,3,1339.41,0
12621,1,23,13612.07,0
12622,231,1,180.1,1
12623,275,1,305.1,1
12624,105,2,641.13,2
12625,211,3,2614.32,2
12626,22,13,6388.35,0
12627,10,7,4478.53,0
12628,3,4,769.61,0
12630,9,2,1270.88,0
12631,56,1,640.5,0
12633,58,5,2140.63,0
12635,89,2,1689.18,0
12637,66,10,5953.25,0
12638,32,1,671.69,0
12639,238,1,486.1,1
12640,23,3,1174.58,0
12641,114,1,185.9,2
12642,24,3,1013.26,0
12643,127,6,3344.64,2
12644,129,1,477.91,2
12645,33,5,1755.38,0
12646,4,2,1346.97,0
12647,21,13,3669.92,0
12648,154,1,318.05,2
12649,106,4,603.71,2
12650,2,1,314.44,0
12651,334,1,114.0,1
12652,321,2,914.53,1
12653,148,2,2209.85,2
12654,10,5,601.98,0
12656,16,8,3982.72,0
12657,10,5,1152.06,0
12658,18,1,686.05,0
12659,29,1,91.68,0
12660,10,1,245.1,0
12662,0,12,3817.08,0
12664,7,10,4863.88,0
12665,324,2,61.75,1
12666,358,1,-227.44,1
12667,57,1,620.13,0
12668,6,6,3743.18,0
12669,150,4,1607.73,2
12670,9,6,2986.15,0
12672,329,1,225.89999999999998,1
12673,4,2,610.52,0
12674,11,7,1919.31,0
12676,24,6,1331.39,0
12678,41,13,17588.26,0
12679,51,9,1058.67,0
12680,0,4,862.81,0
12681,14,27,13677.59,0
12682,3,31,12288.22,0
12683,3,20,8221.09,0
12684,7,7,2283.63,0
12685,27,6,2863.08,0
12686,371,1,89.14,1
12688,113,1,4873.8099999999995,2
12689,25,2,1247.61,0
12690,205,1,389.01,2
12691,27,6,1035.8,0
12693,120,6,830.96,2
12694,69,2,869.67,0
12695,6,4,582.1,0
12697,20,5,939.02,0
12700,7,6,4867.99,0
12701,79,2,797.71,0
12702,19,1,219.0,0
12703,63,2,274.7,0
12704,6,10,2220.84,0
12705,14,14,6814.24,0
12707,291,1,603.42,1
12708,29,16,2616.32,0
12709,2,26,9294.1,0
12710,96,4,1130.57,2
12712,22,17,4241.63,0
12713,0,1,848.55,0
12714,8,5,4708.86,0
12715,105,1,353.86,2
12716,3,2,1053.49,0
12717,150,3,980.98,2
12718,70,1,238.25,0
12719,4,3,608.1,0
12720,2,29,5713.28,0
12721,31,7,2628.98,0
12722,84,6,904.33,0
12723,3,5,725.07,0
12724,4,4,1031.41,0
12725,370,1,427.8,1
12726,27,7,2609.1,0
12727,10,9,3947.7,0
12728,70,4,836.33,0
12729,113,1,453.01,2
12731,23,14,18793.41,0
12732,179,1,236.26000000000002,2
12733,233,1,383.95,1
12734,352,1,110.39999999999999,1
12735,314,2,779.5699999999999,1
12736,332,1,234.0,1
12738,371,1,155.35,1
12739,77,2,1013.04,0
12740,63,1,427.6,0
12743,133,2,546.43,2
12744,51,10,9120.39,0
12747,1,11,4196.01,0
12748,0,224,29072.1,0
12749,3,8,3868.2,0
12750,128,1,275.88,2
12752,80,1,4366.78,0
12753,3,11,21024.01,0
12754,235,5,2949.12,1
12755,249,4,2203.2,1
12756,86,1,112.07999999999998,0
12757,15,19,4227.7,0
12758,116,2,2791.59,2
12759,51,3,1531.44,0
12762,7,2,1898.52,0
12763,137,2,494.08,2
12764,316,1,1693.88,1
12766,3,7,6989.63,0
12769,238,1,1143.6,1
12770,210,1,1351.45,2
12772,59,1,892.47,0
12775,16,6,1351.24,0
12778,19,7,804.23,0
12779,20,12,3868.7,0
12781,20,5,707.72,0
12782,4,6,2273.32,0
12783,1,8,1603.87,0
12784,8,2,574.42,0
12785,2,2,305.71,0
12787,9,3,463.66,0
12789,64,1,91.85,0
12790,191,1,324.92,2
12791,373,1,192.60000000000002,1
12792,256,1,400.53999999999996,1
12793,334,2,545.48,1
12794,52,2,860.41,0
12795,18,1,430.48,0
12797,359,3,194.18,1
12798,9,3,6977.04,0
12802,183,2,412.58,2
12808,36,3,483.65000000000003,0
12809,167,2,484.36,2
12811,260,3,514.85,1
12812,44,1,229.64000000000001,0
12814,101,1,125.92,2
12815,147,2,1063.46,2
12816,95,2,572.2,2
12817,280,1,166.04,1
12818,177,2,1517.88,2
12820,2,4,942.34,0
12821,213,1,92.72,2
12822,70,3,918.98,0
12823,74,5,1759.5,0
12824,59,1,397.12,0
12826,2,8,1468.1200000000001,0
12827,5,3,430.15000000000003,0
12828,2,6,1018.71,0
12829,321,3,253.05,1
12830,37,7,6748.4,0
12831,261,1,215.05,1
12832,31,2,383.03,0
12833,144,1,417.38,2
12834,282,1,312.38,1
12836,58,4,2612.86,0
12837,172,1,134.1,2
12838,33,2,683.13,0
12839,2,16,5583.62,0
12840,143,6,2714.27,2
12841,4,26,3876.4,0
12842,69,2,1118.99,0
12843,65,9,1680.76,0
12844,28,2,325.96000000000004,0
12845,266,4,354.09,1
12847,21,1,871.54,0
12849,30,2,1050.8899999999999,0
12851,96,1,135.18,2
12852,289,2,299.75,1
12853,107,9,1881.7,2
12854,78,5,1289.15,0
12855,372,1,38.1,1
12856,7,8,2162.68,0
12857,210,2,1106.4,2
12863,51,2,504.2,0
12864,137,1,147.12,2
12865,25,3,1548.07,0
12866,282,1,559.12,1
12867,25,10,3986.22,0
12868,185,6,1607.0600000000002,2
12870,365,1,-14.899999999999999,1
12871,83,2,380.64,0
12872,326,2,599.97,1
12873,281,1,374.0,1
12875,142,2,343.2300000000001,2
12876,57,2,2218.02,0
12877,3,12,1535.77,0
12878,17,3,841.64,0
12879,44,4,552.5699999999999,0
12881,275,1,298.0,1
12882,8,2,1463.04,0
12883,24,4,703.47,0
12884,87,1,309.05,0
12885,62,4,1158.27,0
12886,67,3,1351.09,0
12888,213,4,313.77,2
12890,23,1,380.46999999999997,0
12891,185,3,331.0,2
12893,30,1,188.14,0
12895,41,3,347.3,0
12897,204,2,216.5,2
12901,8,36,16293.1,0
12902,264,1,138.68,1
12904,17,2,509.58,0
12906,11,5,2919.81,0
12908,58,4,246.0,0
12909,39,8,2128.83,0
12910,22,8,3075.04,0
12912,2,5,1662.3,0
12913,4,5,2483.63,0
12915,148,2,363.65,2
12916,138,5,2982.35,2
12917,127,1,594.0,2
12919,7,8,1301.44,0
12920,16,1,164.23,0
12921,3,50,16389.74,0
12922,160,1,405.38,2
12923,63,1,176.97,0
12924,87,5,929.95,0
12925,4,2,694.05,0
12928,34,5,2062.7000000000003,0
12929,121,2,105.1,2
12930,77,4,409.9,0
12931,21,20,33462.81,0
12933,23,4,606.28,0
12935,1,8,2156.45,0
12936,16,5,1012.9,0
12937,14,4,1504.27,0
12938,25,1,114.14,0
12939,63,8,11581.8,0
12940,45,4,876.29,0
12942,130,3,683.9,2
12943,300,1,-3.75,1
12944,35,2,604.51,0
12945,287,1,462.95,1
12947,143,11,1407.29,2
12948,15,8,2053.7,0
12949,30,10,4143.02,0
12950,1,3,1843.0,0
12951,8,8,1042.07,0
12952,5,5,1382.8400000000001,0
12953,9,1,329.85,0
12955,0,14,4734.26,0
12956,305,1,108.07,1
12957,3,12,3979.04,0
12962,6,2,266.39,0
12963,7,9,1841.03,0
12965,88,1,771.91,0
12966,9,1,160.18,0
12967,2,4,1194.75,0
12968,111,1,135.95,2
12970,6,4,452.24,0
12971,3,89,10930.26,0
12974,197,1,144.8,2
12976,211,1,738.6,2
12977,155,1,39.239999999999995,2
12980,155,12,7092.06,2
12981,29,2,372.21999999999997,0
12982,239,2,377.2,1
12984,18,1,97.5,0
12985,0,3,1215.6200000000001,0
12987,73,3,545.0,0
12988,291,1,535.32,1
12989,2,19,6854.51,0
12990,30,3,409.5,0
12991,22,2,503.76,0
12993,22,4,414.76,0
12994,3,5,902.22,0
12995,77,2,200.72,0
12997,21,7,1197.94,0
12999,195,3,455.88,2
13000,106,3,534.85,2
13001,3,15,9797.92,0
13002,317,1,120.94999999999999,1
13003,105,3,149.05,2
13004,11,22,5613.43,0
13005,173,3,468.95,2
13006,55,1,81.57,0
13008,322,2,178.46999999999997,1
13011,371,1,50.550000000000004,1
13012,8,11,1311.6200000000001,0
13013,0,15,4786.99,0
13014,2,16,3365.43,0
13015,52,5,3346.28,0
13016,72,3,789.89,0
13017,6,1,204.0,0
13018,15,29,7272.75,0
13021,3,12,2584.4,0
13023,63,2,689.9,0
13026,0,8,936.15,0
13027,113,6,6912.0,2
13028,22,3,659.68,0
13029,30,3,1247.5,0
13030,10,2,799.48,0
13032,38,3,996.52,0
13033,356,1,190.55,1
13034,54,2,642.77,0
13035,57,3,886.63,0
13037,137,3,881.07,2
13038,79,3,908.46,0
13040,8,2,676.99,0
13043,253,2,471.57,1
13044,290,1,560.47,1
13045,98,1,305.28000000000003,2
13046,30,2,629.31,0
13047,31,18,3079.1,0
13048,13,5,1805.91,0
13049,63,2,656.6800000000001,0
13050,8,28,5684.61,0
13052,211,1,348.15000000000003,2
13055,63,4,1201.96,0
13058,24,3,271.40000000000003,0
13059,249,1,183.4,1
13060,253,1,307.53,1
13061,71,1,248.61,0
13062,190,1,346.98,2
13064,12,4,1119.49,0
13065,372,1,205.86,1
13066,23,3,430.9,0
13067,81,1,115.46000000000001,0
13068,9,2,344.0,0
13069,0,27,3717.82,0
13070,191,1,228.8,2
13072,266,1,177.15,1
13075,129,1,919.61,2
13077,0,4,729.27,0
13078,0,43,12432.28,0
13079,3,5,220.10000000000002,0
13080,178,1,58.08,2
13081,0,21,27964.48,0
13082,125,10,3595.48,2
13083,3,2,303.75,0
13085,157,3,272.38,2
13089,2,118,57385.88,0
13090,8,18,8689.39,0
13091,20,2,319.82,0
13092,70,6,459.83,0
13093,266,13,7741.47,1
13094,20,16,1708.8600000000001,0
13095,70,1,74.39999999999999,0
13097,32,14,5893.32,0
13098,0,41,28658.88,0
13099,98,1,207.35999999999999,2
13101,233,1,101.19,1
13102,0,27,6336.29,0
13103,39,1,243.94,0
13104,2,6,1098.48,0
13106,128,2,59.5,2
13107,43,5,1524.07,0
13108,372,1,350.06,1
13109,2,5,766.84,0
13110,30,8,1452.8700000000001,0
13113,0,40,10510.0,0
13115,8,14,2205.63,0
13116,116,2,485.19,2
13117,21,8,984.91,0
13118,19,7,1125.0,0
13120,238,1,30.599999999999998,1
13121,268,2,254.73,1
13122,93,2,922.39,2
13124,89,3,3866.33,0
13126,4,10,2056.29,0
13127,77,1,259.17,0
13130,93,1,64.0,2
13131,22,4,1039.3,0
13132,261,1,77.3,1
13133,273,2,109.8,1
13134,72,7,1740.63,0
13135,196,1,3096.0,2
13136,49,11,2545.38,0
13137,10,9,3605.08,0
13138,21,6,962.39,0
13139,15,8,5055.79,0
13140,107,3,423.72,2
13141,84,6,2385.8,0
13142,18,1,307.09,0
13144,332,1,110.95,1
13145,39,5,614.77,0
13146,25,1,228.91,0
13147,9,4,712.8000000000001,0
13148,28,17,3348.48,0
13149,13,4,1676.06,0
13151,202,2,1250.3700000000001,2
13153,5,1,486.22,0
13154,143,1,-611.86,2
13155,32,4,971.76,0
13157,48,5,1721.57,0
13158,94,4,1201.06,2
13159,8,5,1379.75,0
13160,21,1,91.8,0
13161,312,1,112.75,1
13162,121,5,1644.99,2
13165,45,2,1021.48,0
13166,281,2,414.7,1
13167,18,4,791.33,0
13168,35,5,1310.14,0
13169,63,2,712.88,0
13170,26,1,116.00999999999999,0
13171,7,5,426.81,0
13173,3,2,353.65,0
13174,15,3,2817.03,0
13176,45,1,492.84,0
13177,64,1,282.45,0
13178,25,11,5725.47,0
13182,44,1,121.18,0
13183,7,9,3957.78,0
13184,14,12,1648.79,0
13185,267,1,71.4,1
13186,39,5,1539.69,0
13187,336,1,236.02,1
13188,10,1,114.60000000000001,0
13189,18,2,260.68,0
13192,94,2,911.94,2
13193,60,1,117.88,0
13194,135,1,60.7,2
13196,10,4,1797.78,0
13198,9,8,3384.09,0
13199,3,39,9803.96,0
13200,18,4,870.09,0
13203,9,4,869.46,0
13207,14,2,250.26000000000002,0
13208,58,7,1205.9,0
13209,29,11,5820.16,0
13210,93,1,353.48,2
13211,9,3,1197.42,0
13212,8,4,780.58,0
13213,56,6,1518.43,0
13216,267,1,333.74,1
13217,121,5,133.62,2
13218,126,1,62.63999999999999,2
13220,77,4,819.2900000000001,0
13221,239,2,847.41,1
13223,199,2,163.20000000000002,2
13224,59,3,2150.85,0
13225,2,8,6083.04,0
13226,272,1,108.21000000000001,1
13227,201,1,257.7,2
13228,80,1,358.0,0
13229,225,1,160.95,1
13230,3,15,2763.41,0
13232,12,7,1357.6,0
13233,73,2,605.12,0
13235,211,2,101.17000000000007,2
13236,24,3,727.27,0
13238,10,5,680.83,0
13239,261,1,329.56,1
13240,95,4,663.65,2
13242,111,3,270.40000000000003,2
13243,202,1,600.07,2
13244,92,1,121.74000000000001,2
13245,50,1,430.5,0
13246,17,7,1922.1,0
13247,17,4,501.12,0
13248,124,2,465.68,2
13249,91,3,711.41,2
13253,156,2,1030.4,2
13255,3,3,390.66,0
13256,13,1,0.0,0
13258,11,3,698.58,0
13259,61,1,292.32,0
13260,60,1,557.62,0
13261,268,2,944.1,1
13262,262,1,200.29,1
13263,0,35,7454.07,0
13265,52,5,2107.66,0
13266,10,19,3717.67,0
13267,2,27,4404.44,0
13268,17,15,3167.64,0
13269,0,17,5315.92,0
13270,365,1,590.0,1
13271,36,2,178.26,0
13272,30,2,276.56,0
13273,112,1,138.98,2
13276,63,2,590.9300000000001,0
13277,15,4,258.4,0
13278,40,1,542.73,0
13279,63,2,126.30000000000001,0
13280,121,3,814.86,2
13282,17,6,1047.8400000000001,0
13283,59,2,93.66,0
13284,322,2,196.15,1
13285,22,4,2709.12,0
13291,155,1,361.11,2
13292,38,2,578.9399999999999,0
13294,189,2,873.74,2
13295,359,2,197.95000000000002,1
13296,136,1,87.4,2
13297,7,4,2089.85,0
13298,0,1,360.0,0
13299,267,1,142.5,1
13300,164,2,365.29,2
13301,103,4,618.09,2
13302,154,1,63.75,2
13304,350,1,300.42,1
13305,3,10,2000.86,0
13307,119,1,15.0,2
13308,22,4,1367.6100000000001,0
13309,6,5,1456.79,0
13310,8,6,1083.63,0
13311,3,2,598.57,0
13313,21,5,1555.32,0
13314,1,4,578.66,0
13316,36,5,5815.49,0
13317,63,9,2140.07,0
13318,0,3,640.76,0
13319,4,36,10664.34,0
13320,69,6,1491.7,0
13321,71,2,567.36,0
13322,16,1,199.48000000000002,0
13323,2,5,787.85,0
13324,31,12,7072.8,0
13325,81,1,675.3,0
13327,38,9,3617.57,0
13328,315,1,1308.48,1
13329,31,4,740.4,0
13330,92,3,1140.93,2
13332,13,1,350.9,0
13334,81,3,3536.82,0
13336,76,1,795.12,0
13338,153,3,431.82,2
13339,200,1,860.12,2
13340,44,7,10736.48,0
13341,260,1,775.85,1
13343,172,2,303.93,2
13344,67,3,2543.72,0
13345,276,2,377.6,1
13347,69,1,341.36,0
13348,63,1,233.76,0
13349,10,1,247.32,0
13350,15,3,910.72,0
13351,65,1,373.94,0
13352,7,2,389.28,0
13354,70,1,743.53,0
13355,121,1,674.7,2
13356,79,1,768.24,0
13357,256,1,609.95,1
13358,268,1,439.03,1
13359,58,2,431.26,0
13362,2,5,3085.4900000000002,0
13363,17,2,992.5,0
13364,66,2,0.0,0
13365,8,3,2191.22,0
13366,49,1,56.160000000000004,0
13368,256,2,623.4,1
13369,353,2,263.75,1
13370,365,2,721.32,1
13372,89,1,378.64,0
13373,60,3,3312.25,0
13375,80,2,772.9,0
13376,98,3,1019.76,2
13379,25,3,572.56,0
13381,20,7,3626.81,0
13382,280,1,222.99,1
13384,30,9,4122.28,0
13385,329,1,534.57,1
13388,120,3,627.15,2
13389,10,3,797.96,0
13390,74,1,544.08,0
13391,203,1,59.8,2
13394,1,10,2312.8,0
13395,184,1,307.72,2
13396,21,4,1325.29,0
13397,72,6,1539.18,0
13398,191,1,457.34,2
13402,126,2,621.23,2
13403,17,1,75.0,0
13404,0,2,252.49,0
13405,73,3,572.451,0
13408,1,81,27487.41,0
13410,8,7,988.91,0
13411,106,1,213.55,2
13414,133,3,1390.5,2
13416,43,2,712.5,0
13417,4,2,640.83,0
13418,11,23,5845.44,0
13419,63,1,221.06,0
13420,134,4,140.35,2
13421,39,3,1848.98,0
13422,50,2,2601.55,0
13425,107,3,1624.21,2
13426,0,12,3550.7000000000003,0
13427,18,3,582.6,0
13428,9,1,218.47,0
13429,10,4,1006.8,0
13430,18,4,648.6899999999999,0
13431,66,2,1269.1,0
13434,73,2,534.24,0
13435,4,9,3794.4900000000002,0
13436,1,1,196.89,0
13437,13,7,3408.06,0
13439,254,1,283.71,1
13441,91,1,296.64,2
13447,22,4,1104.23,0
13448,16,10,3465.67,0
13449,23,1,291.88,0
13450,26,6,2043.7199999999998,0
13451,25,6,2916.45,0
13452,258,2,590.0,1
13453,165,2,356.97999999999996,2
13455,24,4,1007.35,0
13456,17,7,1737.8200000000002,0
13458,6,22,9537.92,0
13460,28,2,183.44,0
13461,38,3,1445.0,0
13462,182,2,143.25,2
13464,57,1,674.68,0
13466,99,2,297.95,2
13467,10,2,1083.71,0
13468,1,41,5656.75,0
13470,98,2,165.0,2
13471,0,4,2531.58,0
13473,60,3,417.54,0
13474,235,1,229.59,1
13475,190,4,1431.78,2
13476,178,4,1092.77,2
13477,37,8,1441.53,0
13479,197,3,291.0,2
13481,45,8,1776.81,0
13482,231,1,184.64,1
13483,65,1,140.34,0
13484,240,1,313.8,1
13485,232,1,454.24,1
13486,77,3,1122.41,0
13487,57,3,575.4,0
13488,16,17,8910.61,0
13489,104,4,449.52,2
13491,51,10,1215.82,0
13492,135,3,1269.84,2
13493,274,2,618.63,1
13494,311,1,316.26000000000005,1
13495,7,6,1990.1200000000001,0
13496,10,3,617.93,0
13497,282,3,321.05,1
13499,17,7,1146.96,0
13500,22,4,1136.77,0
13501,242,2,1310.47,1
13502,16,3,292.0,0
13503,70,1,216.85,0
13504,63,1,295.93,0
13505,67,8,4282.88,0
13506,311,3,452.82,1
13507,2,4,2479.16,0
13508,243,1,110.97,1
13509,8,7,979.72,0
13510,0,5,1785.16,0
13512,260,1,251.21,1
13513,126,1,205.1,2
13514,73,1,152.20000000000002,0
13515,72,4,891.12,0
13516,20,3,1389.41,0
13517,59,5,2109.07,0
13518,85,1,659.4399999999999,0
13519,49,2,110.80000000000001,0
13520,58,8,3487.75,0
13521,0,3,1093.65,0
13522,29,1,125.80000000000001,0
13523,32,6,3755.38,0
13524,40,5,680.1800000000001,0
13525,14,2,628.78,0
13527,33,8,2263.76,0
13529,78,2,307.76,0
13531,204,2,483.8,2
13532,33,1,210.31,0
13533,182,3,270.79,2
13534,1,43,5613.08,0
13536,0,7,3448.29,0
13538,42,7,1280.85,0
13539,85,4,605.84,0
13544,39,2,291.41,0
13546,11,3,626.99,0
13548,95,2,682.41,2
13549,25,8,916.12,0
13551,318,1,91.80000000000001,1
13552,65,16,3539.53,0
13555,73,4,4149.28,0
13557,27,2,584.06,0
13558,5,4,605.06,0
13560,6,1,174.37,0
13561,215,1,141.85999999999999,2
13562,81,3,1799.33,0
13563,83,2,777.53,0
13564,143,5,647.74,2
13565,18,2,240.22,0
13566,40,2,874.71,0
13568,172,1,192.85,2
13569,16,2,373.75,0
13570,242,1,239.49,1
13571,12,12,2092.32,0
13572,205,1,1384.25,2
13573,49,2,294.4,0
13575,22,5,732.0699999999999,0
13576,9,20,6703.3,0
13577,24,5,1658.3,0
13579,14,2,467.04,0
13581,308,1,118.0,1
13583,155,1,781.03,2
13584,306,1,142.4,1
13587,31,3,347.0,0
13588,15,13,2445.12,0
13589,14,2,379.65,0
13590,10,7,1976.12,0
13591,64,3,1117.13,0
13592,35,4,247.95999999999998,0
13593,107,6,1990.28,2
13594,52,1,396.97,0
13596,5,2,697.04,0
13598,46,2,167.42000000000002,0
13599,0,33,5030.6,0
13600,311,1,219.52,1
13601,44,2,693.32,0
13602,64,1,428.89,0
13603,25,1,164.34,0
13606,28,3,280.53999999999996,0
13607,39,1,678.01,0
13610,11,9,1115.43,0
13611,88,4,1158.2,0
13614,23,4,1610.46,0
13615,312,2,399.99,1
13617,39,3,544.18,0
13618,173,1,177.34,2
13621,116,1,213.85,2
13623,30,7,672.44,0
13626,252,1,257.23,1
13627,58,7,1624.02,0
13629,22,11,7792.36,0
13630,4,11,1995.68,0
13631,99,12,3021.77,2
13632,24,6,2117.02,0
13634,32,5,1575.16,0
13635,67,1,1071.03,0
13636,36,6,941.62,0
13637,51,3,810.5,0
13638,15,1,122.64,0
13639,73,1,1033.34,0
13642,215,1,354.8,2
13643,30,3,519.44,0
13644,8,5,2597.52,0
13645,119,1,252.1,2
13647,9,5,1670.22,0
13649,256,2,346.6,1
13650,16,7,1809.34,0
13651,34,2,94.2,0
13652,45,3,1095.08,0
13654,42,6,2707.33,0
13655,113,2,932.97,2
13656,164,2,379.65,2
13657,10,2,382.14,0
13658,9,7,2421.47,0
13659,196,3,1550.85,2
13662,85,7,879.08,0
13663,178,1,189.47,2
13666,59,3,84.65,0
13667,148,1,305.02,2
13668,2,29,6216.07,0
13669,50,2,218.55,0
13670,74,1,349.7,0
13672,300,6,-71.46,1
13673,18,2,396.92,0
13675,150,2,486.82000000000005,2
13678,151,1,232.6,2
13680,0,5,2202.31,0
13681,17,4,827.83,0
13682,186,1,59.5,2
13684,285,2,64.23,1
13685,2,7,3119.44,0
13686,182,1,72.0,2
13689,62,1,910.0,0
13690,58,1,172.25,0
13692,24,5,1466.8700000000001,0
13693,324,2,-32.0,1
13694,3,60,62653.1,0
13695,30,15,2504.13,0
13697,38,1,151.29999999999998,0
13699,154,1,308.58000000000004,2
13700,25,10,2265.12,0
13703,317,1,99.5,1
13704,4,10,2295.31,0
13705,7,3,711.86,0
13706,302,1,330.79,1
13707,266,2,806.41,1
13708,270,1,296.88,1
13709,3,17,6249.110000000001,0
13710,31,1,180.48,0
13711,218,2,252.06,2
13712,246,1,228.84,1
13715,280,8,1053.94,1
13716,268,1,138.28,1
13717,31,7,1432.26,0
13718,245,2,306.55,1
13719,14,5,1041.68,0
13720,116,4,799.9,2
13721,35,1,524.14,0
13722,119,4,2369.16,2
13723,216,1,199.85000000000002,2
13725,49,11,1809.81,0
13726,38,2,1079.6599999999999,0
13727,28,2,333.48,0
13728,36,6,1016.14,0
13730,135,2,752.6,2
13731,218,2,610.59,2
13732,27,1,491.86,0
13735,24,8,2766.18,0
13736,4,3,724.0,0
13737,199,1,339.59999999999997,2
13739,17,1,216.9,0
13740,240,1,350.75,1
13741,71,4,666.33,0
13742,16,14,3102.42,0
13743,2,8,1340.1499999999999,0
13744,94,2,1156.36,2
13745,150,2,291.54,2
13747,373,1,79.6,1
13748,95,5,948.25,2
13750,53,5,1647.26,0
13751,287,1,296.25,1
13752,123,6,1186.28,2
13753,287,1,741.26,1
13754,151,2,282.59999999999997,2
13755,3,10,2154.68,0
13756,1,15,5145.12,0
13758,11,7,3190.55,0
13759,32,2,659.4100000000001,0
13760,53,2,286.79,0
13761,49,2,1070.65,0
13762,203,2,3.552713678800501e-15,2
13763,62,3,1689.46,0
13764,70,3,1521.76,0
13767,1,52,16945.71,0
13769,1,16,2771.87,0
13771,63,5,2631.7,0
13772,33,3,1132.13,0
13774,81,1,345.0,0
13777,0,41,25748.350000000002,0
13778,102,1,178.7,2
13780,6,2,360.01,0
13781,250,1,127.84,1
13782,12,6,912.0,0
13784,9,11,2462.79,0
13786,366,1,230.39999999999998,1
13787,75,2,309.04,0
13790,3,1,348.8,0
13791,42,3,1047.68,0
13792,65,2,195.55,0
13798,0,63,36351.42,0
13799,116,2,688.86,2
13800,309,1,558.32,1
13801,66,1,324.8,0
13802,137,6,3906.27,2
13803,254,1,277.07,1
13804,30,7,2635.79,0
13805,51,2,924.6,0
13806,63,1,256.38,0
13807,366,1,112.6,1
13808,5,5,1747.66,0
13809,304,1,155.05,1
13810,28,4,899.51,0
13811,183,4,591.75,2
13812,41,3,539.0,0
13813,39,5,1353.41,0
13814,55,3,1562.12,0
13815,21,5,4014.91,0
13816,23,4,555.04,0
13817,28,2,382.98,0
13819,301,3,1140.35,1
13821,144,2,385.64,2
13822,5,2,632.0,0
13823,18,2,957.66,0
13824,32,5,1698.94,0
13826,157,2,174.65,2
13827,57,3,412.05,0
13828,21,1,209.49,0
13829,358,1,-102.0,1
13831,15,6,2202.99,0
13832,17,2,40.949999999999996,0
13833,158,1,384.8,2
13835,24,4,834.57,0
13837,211,2,271.24,2
13838,5,4,691.73,0
13841,252,1,85.0,1
13842,58,9,3385.62,0
13844,10,1,361.62,0
13845,64,1,312.98,0
13846,24,4,847.61,0
13848,91,3,1255.0,2
13849,51,2,1537.95,0
13850,87,2,1586.81,0
13851,95,3,2651.46,2
13853,8,2,1056.94,0
13854,8,29,8025.0199999999995,0
13856,168,5,363.4,2
13858,56,1,216.17,0
13859,325,1,201.16,1
13860,0,6,1240.0,0
13862,17,10,2187.31,0
13863,244,2,299.56,1
13865,57,4,501.56,0
13866,73,1,145.67000000000002,0
13867,30,3,1015.29,0
13868,6,2,3192.54,0
13869,122,4,3104.95,2
13870,1,10,2751.25,0
13871,22,14,6389.8,0
13873,119,4,381.7,2
13874,357,1,540.45,1
13875,53,5,1786.79,0
13876,63,1,122.7,0
13877,85,1,117.24,0
13878,54,1,1281.53,0
13880,20,13,3219.77,0
13881,3,22,16989.52,0
13882,2,6,1131.28,0
13883,0,9,2538.75,0
13884,6,6,781.3000000000001,0
13885,188,2,506.8,2
13886,70,1,243.56,0
13887,203,1,349.55,2
13888,119,2,605.63,2
13889,92,1,416.90000000000003,2
13890,0,14,1860.8600000000001,0
13892,26,4,632.97,0
13893,297,1,821.1,1
13894,21,5,535.97,0
13895,20,5,2588.12,0
13897,49,1,311.16,0
13898,325,1,155.93,1
13899,15,2,388.52,0
13900,182,3,740.95,2
13901,71,5,2867.2,0
13904,36,2,332.64,0
13908,79,5,2347.05,0
13911,56,9,2580.91,0
13914,3,3,613.95,0
13917,49,2,272.04,0
13918,49,2,1212.8400000000001,0
13919,52,3,350.15999999999997,0
13922,351,1,172.25,1
13923,53,1,351.13,0
13924,1,11,1682.08,0
13925,35,6,616.65,0
13926,22,1,223.85000000000002,0
13927,74,1,348.99,0
13928,10,4,464.57,0
13929,168,3,802.85,2
13930,57,2,337.34,0
13931,85,3,1230.93,0
13932,294,1,307.4,1
13933,108,2,608.7900000000001,2
13934,263,1,922.1,1
13936,170,2,361.28,2
13937,168,1,158.85,2
13938,34,1,71.66,0
13939,22,4,556.75,0
13940,16,4,839.14,0
13941,21,7,4912.41,0
13946,78,3,561.5699999999999,0
13947,64,1,90.6,0
13948,360,1,102.0,1
13949,2,6,2427.32,0
13950,10,5,728.56,0
13951,175,3,674.45,2
13952,210,3,3246.091,2
13953,6,7,3515.68,0
13954,1,3,378.59,0
13955,153,2,322.96,2
13956,4,5,1026.42,0
13958,371,1,-102.45,1
13959,78,3,598.2,0
13960,20,2,230.22,0
13962,21,2,169.55,0
13963,307,4,664.54,1
13967,145,1,80.7,2
13969,6,20,8986.69,0
13971,8,11,2702.2200000000003,0
13972,70,2,190.25,0
13973,286,1,264.7,1
13974,48,1,413.59000000000003,0
13975,30,7,2503.23,0
13976,206,1,357.98,2
13978,14,2,196.79000000000002,0
13979,72,1,869.87,0
13980,59,1,200.14,0
13982,38,5,1861.11,0
13983,29,13,2590.46,0
13984,26,6,488.03,0
13985,3,16,7024.53,0
13986,16,1,320.46,0
13988,19,9,4098.8,0
13989,65,2,1266.08,0
13990,212,1,311.3,2
13991,11,7,850.63,0
13992,29,1,76.8,0
13993,31,12,3409.66,0
13994,3,6,2313.14,0
13995,14,6,1383.49,0
13999,9,15,3865.26,0
14000,205,2,633.71,2
14001,45,4,2030.3300000000002,0
14002,133,2,529.73,2
14004,42,7,4582.64,0
14005,9,5,2874.72,0
14006,115,3,962.19,2
14009,197,3,685.9300000000001,2
14012,277,1,328.8,1
14013,109,3,473.02,2
14014,76,1,505.18,0
14015,52,1,917.34,0
14016,153,5,4328.46,2
14019,46,4,1398.96,0
14020,16,2,642.8,0
14021,154,3,631.9,2
14022,224,1,440.0,1
14023,6,2,584.07,0
14024,121,2,327.7,2
14027,60,1,104.82,0
14029,62,2,467.66,0
14030,17,8,2360.09,0
14031,6,23,14634.640000000001,0
14032,1,18,2929.84,0
14034,21,4,512.02,0
14035,28,5,1428.02,0
14036,284,1,626.65,1
14037,175,2,147.20000000000002,2
14038,77,4,1554.48,0
14039,32,1,152.2,0
14040,40,15,3542.19,0
14041,265,1,141.41,1
14044,26,4,652.82,0
14045,108,4,1659.75,2
14046,283,1,154.99,1
14047,8,7,1290.01,0
14048,276,2,375.13,1
14049,16,6,5639.15,0
14050,31,2,746.36,0
14051,0,26,15477.34,0
14052,19,1,225.36,0
14053,123,2,260.25,2
14054,64,1,92.46,0
14055,105,1,725.6400000000001,2
14056,0,29,8124.4,0
14057,23,18,6147.4,0
14059,266,1,183.6,1
14060,4,20,6135.38,0
14062,9,12,10464.85,0
14064,28,7,1188.32,0
14066,266,1,152.55,1
14067,63,2,374.7,0
14068,319,1,265.85,1
14071,3,9,1307.41,0
14073,20,2,139.54,0
14075,4,3,942.26,0
14076,128,1,122.47,2
14077,40,5,499.41999999999996,0
14078,101,6,1049.37,2
14079,124,1,375.1,2
14080,32,1,45.599999999999994,0
14081,266,4,904.67,1
14082,364,1,182.25,1
14083,3,9,1018.43,0
14085,1,19,4435.79,0
14087,2,2,181.67,0
14088,9,14,50415.49,0
14089,56,1,161.0,0
14090,324,1,76.32000000000001,1
14092,7,17,4063.1,0
14093,11,1,442.85,0
14096,3,34,57120.909999999996,0
14098,36,1,147.35,0
14099,15,12,3092.9700000000003,0
14100,137,1,194.9,2
14101,73,6,5976.79,0
14102,4,8,1314.73,0
14104,154,2,216.20999999999998,2
14105,84,2,1260.33,0
14107,51,8,2688.48,0
14108,30,3,594.16,0
14109,22,2,80.2,0
14110,3,13,5669.65,0
14111,13,5,688.6,0
14112,22,12,2774.17,0
14113,3,8,1377.92,0
14114,273,2,386.53,1
14116,19,5,1382.74,0
14117,143,1,90.0,2
14119,353,1,-19.9,1
14121,3,6,2740.3,0
14124,83,1,419.58000000000004,0
14125,10,3,2740.43,0
14126,7,4,643.6300000000001,0
14127,122,3,709.71,2
14128,60,2,637.5,0
14129,1,5,1123.8600000000001,0
14130,318,1,483.86,1
14132,1,12,3580.13,0
14133,129,5,590.3399999999999,2
14135,1,15,4690.31,0
14138,1,2,982.3800000000001,0
14139,45,1,415.82,0
14140,3,3,920.05,0
14141,2,6,879.0300000000001,0
14142,372,1,311.81,1
14143,133,1,115.8,2
14145,46,5,3148.2,0
14146,8,6,2949.57,0
14147,48,3,468.4,0
14148,233,1,157.2,1
14149,212,3,259.43,2
14150,35,2,658.64,0
14152,74,3,611.09,0
14154,238,2,1345.62,1
14155,265,1,118.75,1
14156,9,66,113384.14,0
14157,19,3,400.43,0
14158,39,1,507.66,0
14159,19,14,4678.3,0
14161,215,3,1110.52,2
14162,173,2,289.36,2
14163,86,4,2445.91,0
14164,70,2,1631.77,0
14165,275,1,122.53999999999999,1
14167,38,4,574.84,0
14171,97,1,363.79,2
14173,10,4,450.84,0
14174,32,1,134.46,0
14175,50,7,3108.06,0
14176,296,5,574.0,1
14177,84,5,554.46,0
14178,8,7,1620.93,0
14179,40,2,719.78,0
14180,10,31,4640.77,0
14184,66,1,452.89,0
14185,330,1,197.65,1
14188,8,10,2018.91,0
14189,1,24,4604.31,0
14191,1,14,4660.01,0
14193,67,2,853.39,0
14194,4,32,11216.75,0
14195,201,3,962.7,2
14196,106,1,335.52,2
14198,3,7,663.5,0
14199,217,1,185.39999999999998,2
14201,59,9,688.04,0
14204,1,1,161.03,0
14205,10,4,218.78,0
14206,238,2,308.26,1
14208,94,1,151.74,2
14209,10,7,2067.13,0
14210,90,7,1900.89,0
14211,52,13,2208.3,0
14212,89,1,1070.48,0
14213,371,1,-1192.2,1
14214,30,7,1000.23,0
14215,11,7,1777.92,0
14216,2,4,1839.3,0
14217,1,24,1925.3600000000001,0
14218,42,1,169.48000000000002,0
14219,3,1,89.94,0
14220,246,2,632.4,1
14221,41,10,3427.85,0
14222,176,1,683.17,2
14223,91,4,975.23,2
14224,109,4,1050.12,2
14226,28,7,2201.64,0
14227,25,15,3315.71,0
14229,51,5,1450.6,0
14231,178,5,822.0600000000001,2
14232,31,8,2043.93,0
14233,43,5,1447.51,0
14234,21,4,775.46,0
14235,9,6,3093.86,0
14236,80,2,490.86,0
14237,372,1,161.0,1
14238,325,1,146.85,1
14239,42,13,2323.5,0
14240,29,2,890.34,0
14241,183,1,213.70000000000002,2
14242,234,2,280.55,1
14243,8,14,2535.88,0
14245,175,5,1677.48,2
14246,110,3,1474.06,2
14247,277,1,136.76999999999998,1
14248,317,1,302.58,1
14250,6,3,1904.05,0
14251,1,5,2879.7000000000003,0
14256,253,3,935.0600000000001,1
14257,50,6,3087.27,0
14258,8,10,12650.08,0
14259,141,1,120.0,2
14261,50,2,1163.45,0
14262,7,8,2618.23,0
14264,154,3,319.47,2
14265,108,2,530.18,2
14267,150,7,1279.09,2
14270,331,1,492.65000000000003,1
14271,225,1,112.32,1
14272,73,2,437.96,0
14273,50,4,559.97,0
14276,87,5,1019.39,0
14277,14,4,3957.0,0
14280,196,1,134.04,2
14282,2,15,3729.34,0
14284,30,3,578.45,0
14285,20,4,1910.01,0
14286,23,5,4595.81,0
14287,7,4,151.23000000000002,0
14288,211,2,413.85,2
14289,8,6,911.26,0
14290,10,6,2307.4500000000003,0
14291,1,12,3873.3,0
14292,7,14,4819.33,0
14293,2,4,1046.56,0
14295,39,2,154.70000000000002,0
14297,17,6,1284.06,0
14298,2,45,50862.44,0
14299,7,18,2855.35,0
14300,18,1,43.2,0
14301,107,2,632.04,2
14304,222,2,197.1,2
14305,70,5,1803.76,0
14306,50,3,2083.42,0
14307,88,6,2995.72,0
14309,7,10,2319.68,0
14311,224,2,229.71,1
14312,46,6,1611.59,0
14314,106,1,120.0,2
14315,20,7,2456.98,0
14317,64,1,508.58000000000004,0
14320,206,3,343.11,2
14321,10,5,1530.75,0
14323,114,4,574.26,2
14326,234,2,166.85,1
14327,162,1,311.65,2
14329,8,14,4928.74,0
14331,123,2,462.65999999999997,2
14332,22,3,866.31,0
14333,63,2,351.45,0
14334,16,9,2539.46,0
14335,15,2,468.26,0
14336,16,4,1614.91,0
14338,157,4,554.22,2
14339,234,4,289.90999999999997,1
14340,218,1,134.7,2
14341,44,9,2166.38,0
14342,20,6,607.71,0
14344,126,8,889.9300000000001,2
14345,38,1,108.97999999999999,0
14346,120,2,1021.58,2
14348,259,1,409.57,1
14349,9,1,133.5,0
14350,270,2,258.7,1
14351,164,1,51.0,2
14352,156,4,1078.96,2
14353,214,1,90.6,2
14354,5,2,163.62,0
14355,365,1,174.4,1
14356,59,4,666.9399999999999,0
14357,42,1,225.77,0
14359,18,6,882.58,0
14360,31,4,2128.23,0
14362,21,1,161.2,0
14364,108,8,3717.35,2
14367,7,19,9167.82,0
14368,319,1,155.0,1
14371,294,1,100.5,1
14373,357,1,76.55,1
14375,184,1,257.68,2
14377,190,2,617.05,2
14379,43,2,348.1,0
14381,51,1,202.68,0
14382,25,1,626.0699999999999,0
14383,37,3,1247.69,0
14385,8,3,202.11,0
14386,296,1,142.4,1
14387,32,3,1770.56,0
14388,8,10,3172.04,0
14389,8,5,999.72,0
14390,9,13,4592.47,0
14393,217,1,67.95,2
14395,1,12,3471.91,0
14396,64,2,487.99,0
14397,0,23,2556.68,0
14400,140,2,559.7,2
14401,3,14,4039.98,0
14403,129,5,1426.31,2
14404,33,7,1434.72,0
14406,118,1,156.75,2
14407,106,9,2111.08,2
14408,10,7,2606.53,0
14409,70,7,1908.25,0
14410,15,15,576.3,0
14411,310,1,1063.0,1
14412,34,3,761.3299999999999,0
14413,361,1,122.7,1
14414,91,8,1485.1299999999999,0
14415,0,18,5811.56,0
14416,21,2,490.22,0
14418,3,3,1937.25,0
14419,10,6,1058.06,0
14420,84,2,385.87,0
14421,56,2,813.11,0
14422,0,6,4263.64,0
14423,217,1,265.2,2
14424,17,1,322.08,0
14426,18,16,3918.9,0
14427,49,2,363.34000000000003,0
14428,6,7,1230.14,0
14431,298,2,397.76,1
14432,9,6,2255.51,0
14434,21,6,1372.8,0
14436,98,1,89.06,2
14437,142,2,-43.400000000000006,2
14438,305,1,131.9,1
14439,319,1,2661.24,1
14440,7,5,2357.6800000000003,0
14441,0,10,1545.14,0
14442,1,5,1544.62,0
14443,53,7,1400.88,0
14446,0,4,1039.58,0
14447,18,5,1163.23,0
14448,8,2,375.35,0
14449,18,4,907.1,0
14450,180,3,483.25,2
14451,59,2,662.59,0
14452,10,2,264.44,0
14453,189,1,119.93,2
14456,4,14,3047.63,0
14457,310,1,113.64,1
14459,154,1,1837.92,2
14460,109,4,383.34,2
14461,147,3,2103.06,2
14462,63,15,1965.9,0
14463,97,3,529.62,2
14465,246,3,1058.6200000000001,1
14466,28,7,2272.4,0
14467,17,4,598.76,0
14470,11,2,461.19,0
14472,103,8,1936.84,2
14473,73,2,234.34000000000003,0
14474,42,2,537.71,0
14475,71,6,799.82,0
14476,256,1,215.7,1
14477,19,5,1307.81,0
14479,253,2,316.25,1
14480,10,1,279.05,0
14481,164,2,636.51,2
14482,17,6,2068.15,0
14483,149,2,129.2,2
14484,49,1,321.92,0
14485,38,1,165.75,0
14487,26,7,1183.58,0
14488,50,2,1047.43,0
14489,206,1,463.38,2
14491,174,2,340.93,2
14493,6,7,2362.84,0
14494,25,1,139.56,0
14495,50,2,123.8,0
14496,311,2,538.8100000000001,1
14497,300,2,457.47,1
14498,42,5,1957.32,0
14499,25,3,815.32,0
14500,87,3,356.85,0
14501,63,3,190.31,0
14502,19,14,2351.02,0
14503,2,6,3543.26,0
14504,46,4,673.26,0
14505,16,11,5818.7,0
14506,16,5,2012.17,0
14507,23,7,1368.18,0
14508,21,2,276.42,0
14511,10,6,1267.4099999999999,0
14512,187,2,275.28,2
14513,100,4,438.49,2
14514,60,3,1055.35,0
14515,17,6,2102.09,0
14517,32,2,330.45,0
14518,63,1,174.37,0
14520,1,2,270.6,0
14522,23,4,974.54,0
14523,107,1,241.09,2
14524,31,9,1867.68,0
14525,8,13,4221.37,0
14527,2,86,7711.38,0
14528,36,1,364.21999999999997,0
14529,59,3,620.04,0
14530,25,6,2925.91,0
14532,235,4,932.85,1
14533,24,9,1812.6200000000001,0
14534,2,25,4075.35,0
14535,58,4,2841.09,0
14536,259,1,171.8,1
14537,57,1,355.56,0
14538,64,2,388.25,0
14539,15,2,537.48,0
14540,9,3,996.26,0
14541,58,8,1461.65,0
14542,185,1,103.25,2
14543,3,21,2916.17,0
14544,23,2,2024.45,0
14546,3,9,2487.02,0
14547,3,9,3986.7400000000002,0
14548,150,2,652.8,2
14549,310,1,289.24,1
14550,10,2,765.62,0
14551,17,2,186.23,0
14552,151,1,165.07,2
14553,18,5,859.27,0
14554,9,4,2381.04,0
14555,56,2,324.14,0
14557,63,2,0.0,0
14560,6,24,2174.18,0
14561,75,3,1080.76,0
14562,3,22,4709.22,0
14565,95,6,3073.77,2
14566,110,1,1432.0,2
14567,34,3,1524.46,0
14569,0,1,227.39,0
14570,280,2,218.06,1
14572,2,10,2803.69,0
14573,179,13,1603.72,2
14576,371,1,35.400000000000006,1
14577,12,4,859.71,0
14578,2,1,168.63,0
14581,16,1,138.6,0
14582,40,1,114.11,0
14583,5,5,1052.55,0
14584,168,5,1029.26,2
14585,49,1,157.05,0
14586,226,3,134.16,1
14587,18,10,1598.24,0
14589,371,1,39.75,1
14591,14,4,1447.14,0
14592,34,3,570.46,0
14593,21,3,617.99,0
14594,6,2,379.83,0
14595,19,6,1740.6,0
14597,10,2,883.15,0
14598,43,1,221.97,0
14600,305,1,393.33000000000004,1
14601,10,1,213.96,0
14603,274,1,660.0,1
14606,0,128,11713.85,0
14607,15,17,11341.1,0
14608,3,4,1785.15,0
14609,71,4,601.56,0
14616,242,3,406.08000000000004,1
14618,8,4,538.59,0
14619,238,2,379.51,1
14620,203,3,393.28000000000003,2
14621,0,6,1765.76,0
14622,184,1,320.58000000000004,2
14623,31,6,869.35,0
14624,56,2,225.85,0
14625,184,5,848.48,2
14626,8,7,2757.07,0
14627,311,1,-21.85,1
14628,90,2,671.96,0
14629,3,3,939.21,0
14631,50,3,1006.98,0
14632,262,1,114.56,1
14633,265,1,344.90000000000003,1
14636,35,2,609.85,0
14638,50,1,443.6,0
14639,51,8,2952.34,0
14640,15,8,2042.15,0
14641,21,1,110.46,0
14642,58,1,96.12,0
14643,169,3,668.61,2
14644,8,4,780.46,0
14645,156,2,597.09,2
14646,1,77,279489.02,0
14647,200,1,243.22,2
14649,4,4,1417.29,0
14651,66,2,654.6,0
14652,76,1,114.18,0
14653,0,7,1947.55,0
14655,3,5,1930.15,0
14656,168,2,291.05,2
14657,17,5,838.27,0
14658,4,2,247.15,0
14659,8,12,2456.53,0
14660,86,2,285.74,0
14661,26,1,107.95,0
14662,28,4,771.17,0
14664,19,2,637.89,0
14665,60,7,1258.38,0
14666,23,1,195.25,0
14667,10,27,9231.2,0
14669,241,3,1269.99,1
14670,279,2,411.53,1
14672,234,2,765.55,1
14673,2,5,1736.4,0
14675,15,1,604.75,0
14676,30,8,2543.2400000000002,0
14679,371,1,-2.55,1
14680,24,23,26932.34,0
14681,70,3,498.95,0
14682,187,2,52.0,2
14684,25,5,1236.28,0
14687,106,1,628.38,2
14688,7,27,5107.38,0
14689,208,1,112.8,2
14690,43,3,358.61,0
14691,30,5,2114.33,0
14692,136,5,582.05,2
14693,264,1,172.9,1
14696,3,9,2070.97,0
14697,217,2,188.60999999999999,2
14698,1,5,1250.76,0
14699,213,1,109.13000000000001,2
14700,31,3,2235.3,0
14701,10,12,2486.2200000000003,0
14702,0,18,3250.64,0
14703,14,1,318.17,0
14704,10,9,1546.91,0
14705,198,1,179.0,2
14708,2,4,1096.67,0
14709,14,14,4911.14,0
14710,13,4,606.13,0
14711,9,12,2838.2,0
14712,28,3,917.07,0
14713,8,12,2664.2599999999998,0
14714,23,1,160.19,0
14715,24,4,867.38,0
14716,42,2,329.68,0
14719,1,6,1592.18,0
14720,5,3,663.81,0
14722,146,1,187.92000000000002,2
14723,9,6,1158.3,0
14725,24,1,718.08,0
14727,273,1,268.58,1
14729,373,1,313.49,1
14730,0,8,2005.06,0
14731,46,3,380.02,0
14732,7,10,2686.34,0
14733,8,15,9451.54,0
14735,3,34,5807.6900000000005,0
14737,3,3,1164.55,0
14738,38,9,1289.94,0
14739,1,8,3899.1,0
14740,190,4,1423.21,2
14741,11,6,1400.34,0
14744,15,9,1088.53,0
14745,112,6,1167.16,2
14747,247,2,294.3,1
14748,28,6,1311.79,0
14752,43,1,389.64,0
14753,86,1,563.15,0
14754,44,2,638.05,0
14755,9,12,4965.38,0
14756,14,1,738.96,0
14757,74,1,420.5,0
14758,144,4,1484.06,2
14759,4,3,1625.97,0
14760,293,2,53.8,1
14761,58,2,255.9,0
14762,263,1,300.52,1
14764,43,2,250.55,0
14765,28,3,254.11,0
14766,7,8,2423.07,0
14768,16,3,139.5,0
14769,2,10,10641.6,0
14770,231,2,876.42,1
14772,111,1,139.26,2
14775,57,3,1011.9,0
14776,50,13,2195.58,0
14777,3,2,-17.45,0
14778,126,2,730.86,2
14779,280,3,386.15,1
14780,54,2,447.68,0
14782,319,1,200.10000000000002,1
14784,25,2,289.99,0
14785,9,2,77.4,0
14788,6,2,679.4399999999999,0
14789,28,1,197.64,0
14790,16,4,745.06,0
14792,63,2,0.0,0
14793,3,2,214.14,0
14794,2,9,1272.11,0
14795,165,1,131.45000000000002,2
14796,0,27,7839.51,0
14798,52,3,173.74,0
14799,50,1,157.7,0
14800,47,16,4236.34,0
14801,60,1,193.14,0
14803,161,3,845.55,2
14804,8,1,353.27,0
14805,14,4,554.65,0
14806,74,1,193.39000000000001,0
14808,39,15,2175.37,0
14810,40,11,2087.88,0
14813,369,2,155.43,1
14815,36,2,778.5,0
14816,196,1,271.85,2
14817,199,2,1110.34,2
14818,73,3,657.8,0
14819,63,2,272.07,0
14820,20,4,507.29,0
14821,366,1,48.800000000000004,1
14823,179,3,321.43,2
14824,9,4,1127.71,0
14825,3,12,2226.91,0
14828,196,3,2139.76,2
14829,28,6,644.65,0
14830,52,1,197.13,0
14834,17,8,1698.35,0
14836,9,3,102.44999999999999,0
14837,89,5,1641.2,0
14840,267,1,62.85,1
14841,52,6,3295.76,0
14842,34,8,2456.8,0
14844,63,4,3189.81,0
14847,148,1,309.4,2
14849,21,28,7904.28,0
14850,311,2,278.15,1
14851,22,2,511.35,0
14852,57,6,2836.69,0
14853,8,3,463.05,0
14854,77,8,2749.89,0
14855,118,2,645.65,2
14856,35,3,1311.3799999999999,0
14857,59,3,1165.65,0
14859,12,5,1352.04,0
14860,8,2,168.62,0
14861,51,1,125.79,0
14862,25,2,841.1999999999999,0
14863,28,1,266.76,0
14865,6,2,52.2,0
14866,10,13,14197.45,0
14867,185,4,701.33,2
14868,2,9,2939.64,0
14869,3,3,721.95,0
14870,261,1,327.25,1
14871,2,4,522.38,0
14873,209,1,519.68,2
14875,8,5,1448.72,0
14878,12,9,1485.54,0
14880,76,3,706.19,0
14881,19,1,255.4,0
14882,26,2,589.7,0
14883,18,7,756.64,0
14885,131,1,765.3199999999999,2
14886,252,1,364.8,1
14887,78,1,1862.0,0
14888,206,1,369.2,2
14889,335,1,135.9,1
14890,253,1,125.65,1
14891,147,2,554.38,2
14893,9,2,1237.8500000000001,0
14894,84,1,655.75,0
14895,7,24,11020.26,0
14896,204,2,468.77000000000004,2
14897,7,4,1366.38,0
14898,22,8,1228.32,0
14901,10,10,1414.99,0
14902,20,2,314.11,0
14903,20,10,2744.48,0
14904,1,2,1025.44,0
14905,153,3,599.9,2
14907,2,10,3478.85,0
14908,73,1,277.8,0
14910,2,7,389.86,0
14911,0,248,132572.62,0
14912,16,3,841.52,0
14913,35,4,1227.43,0
14915,85,3,258.83,0
14916,70,5,1264.84,0
14918,115,2,1610.15,2
14920,212,2,977.77,2
14921,29,2,1316.07,0
14923,50,1,749.1,0
14924,245,1,310.05,1
14929,31,1,223.88,0
14930,108,3,2372.86,2
14931,4,6,964.6800000000001,0
14932,365,1,363.53,1
14934,72,3,1888.84,0
14935,296,1,1784.71,1
14936,8,9,8117.42,0
14937,56,4,1617.63,0
14944,29,14,5842.95,0
14946,13,1,100.9,0
14947,71,2,290.82,0
14948,22,7,1066.57,0
14950,8,2,361.25,0
14951,78,1,311.69,0
14952,45,15,7912.79,0
14953,24,1,289.82,0
14954,11,1,336.17,0
14957,252,1,58.49,1
14958,146,3,499.68,2
14959,58,5,684.97,0
14960,7,2,221.27,0
14961,10,12,7006.58,0
14962,270,1,126.7,1
14963,9,5,1487.8,0
14964,246,1,206.21,1
14965,95,2,599.0,2
14966,14,1,191.32,0
14967,49,1,463.8,0
14968,29,1,147.59,0
14970,67,4,1592.06,0
14971,34,3,1116.57,0
14972,127,1,114.77,2
14973,106,3,1314.45,2
14974,36,1,114.39,0
14975,56,1,279.94,0
14976,56,8,765.86,0
14978,71,5,1931.42,0
14981,245,1,102.12,1
14984,18,2,213.27,0
14985,197,2,296.75,2
14987,15,2,326.4,0
14988,211,1,334.54,2
14995,38,2,233.23000000000002,0
14997,45,4,540.98,0
14998,169,2,429.87,2
15000,47,1,490.52,0
15002,115,4,1641.76,2
15004,146,1,1246.32,2
15005,15,35,6180.49,0
15006,50,1,502.09,0
15007,158,1,156.91,2
15009,11,3,1261.78,0
15010,35,1,308.94,0
15012,53,2,423.04,0
15014,42,2,260.17,0
15016,172,1,170.04,2
15017,33,1,125.58,0
15018,38,4,456.26,0
15019,266,1,266.0,1
15021,8,13,1872.28,0
15022,11,4,905.04,0
15023,2,12,6763.16,0
15024,9,10,1661.33,0
15025,32,1,377.01,0
15026,79,3,469.0,0
15027,30,6,1051.95,0
15028,7,4,627.13,0
15030,71,2,518.28,0
15031,3,4,668.14,0
15032,255,5,4464.1,1
15033,4,11,2571.02,0
15034,15,11,4277.66,0
15035,89,1,252.73000000000002,0
15036,71,3,465.55,0
15038,42,7,665.59,0
15039,9,52,19786.44,0
15041,169,1,180.35,2
15042,198,1,135.93,2
15043,30,1,537.0,0
15044,18,22,7629.38,0
15045,151,3,633.66,2
15046,8,16,5064.01,0
15047,269,1,343.62,1
15048,64,5,380.57,0
15049,273,1,121.17000000000002,1
15050,24,5,1727.17,0
15051,22,3,1391.61,0
15052,318,1,215.78,1
15053,4,3,697.79,0
15054,11,2,302.1,0
15057,274,2,1489.5,1
15058,24,11,2124.9900000000002,0
15059,40,11,1325.82,0
15060,7,4,303.09,0
15061,3,55,54228.74,0
15062,70,4,987.86,0
15063,212,1,370.79999999999995,2
15065,37,6,3135.98,0
15066,31,2,760.59,0
15067,77,3,1744.76,0
15068,45,2,553.36,0
15069,178,1,1109.53,2
15070,372,1,106.2,1
15071,93,2,982.07,2
15073,9,4,612.43,0
15074,104,1,748.87,2
15075,77,1,773.03,0
15076,172,1,880.85,2
15078,6,38,9623.35,0
15079,212,5,893.66,2
15081,21,6,487.35,0
15083,256,1,88.2,1
15087,281,1,306.94,1
15088,20,3,1140.27,0
15089,9,6,2420.84,0
15090,307,1,381.32,1
15091,53,2,476.96,0
15092,214,2,457.81,2
15093,17,9,4410.14,0
15095,103,5,1364.7,2
15096,42,1,219.39000000000001,0
15097,3,1,248.08,0
15098,181,5,649.5,2
15099,83,1,410.48,0
15100,329,6,635.1,1
15101,8,3,310.03,0
15103,30,2,703.36,0
15104,166,3,1002.54,2
15105,17,7,2298.93,0
15106,17,7,1407.73,0
15107,310,8,247.66,1
15108,141,5,1291.75,2
15109,240,2,463.75,1
15110,23,7,970.25,0
15111,28,3,1567.48,0
15113,9,4,3439.41,0
15114,29,10,2760.56,0
15115,17,1,340.11,0
15116,17,4,1352.75,0
15117,14,6,1550.13,0
15118,133,1,244.8,2
15119,245,1,266.4,1
15120,129,2,343.82,2
15121,49,2,457.72,0
15122,84,6,1612.13,0
15123,6,2,2199.31,0
15124,22,2,184.19,0
15125,24,23,11117.05,0
15127,65,1,406.53,0
15128,59,8,1419.54,0
15129,49,11,3447.4,0
15130,169,1,330.11,2
15132,17,5,977.9300000000001,0
15133,127,3,982.42,2
15134,14,8,1387.99,0
15135,232,2,127.15,1
15136,2,5,1282.45,0
15139,239,2,178.96,1
15140,51,8,2350.0,0
15142,45,1,498.74,0
15143,225,1,259.45,1
15144,7,18,6530.04,0
15145,3,4,1194.73,0
15146,164,3,1313.66,2
15147,218,2,608.65,2
15148,10,1,301.29,0
15149,133,1,520.8000000000001,2
15150,16,11,5303.97,0
15152,9,16,4684.24,0
15153,30,1,329.25,0
15154,73,2,240.27,0
15156,0,3,961.49,0
15157,3,5,1869.5,0
15158,44,1,401.40000000000003,0
15159,1,34,18573.68,0
15160,356,1,158.16,1
15163,17,2,304.47,0
15164,68,3,843.05,0
15165,372,1,487.75,1
15167,320,1,163.0,1
15168,25,1,106.56,0
15171,324,2,1034.5,1
15172,8,5,1624.05,0
15174,322,1,135.75,1
15175,71,1,224.14,0
15178,259,1,40.5,1
15179,17,7,2186.2,0
15180,366,1,87.5,1
15181,65,5,680.28,0
15182,153,2,622.85,2
15184,28,2,406.76,0
15185,69,1,310.62,0
15186,13,2,411.41,0
15187,1,18,4670.08,0
15189,0,53,15802.14,0
15192,119,3,1044.32,2
15193,60,1,499.32,0
15194,2,22,7521.17,0
15195,2,1,3861.0,0
15197,8,5,656.44,0
15198,91,2,193.64,2
15199,58,4,1268.7,0
15201,78,11,927.84,0
15203,25,6,1827.8,0
15204,356,1,316.58,1
15205,84,3,648.8299999999999,0
15206,9,4,420.29999999999995,0
15208,0,6,867.62,0
15210,224,1,331.18,1
15211,59,2,894.4100000000001,0
15212,238,2,88.94999999999999,1
15213,318,3,325.05,1
15214,1,8,1661.44,0
15215,44,6,615.99,0
15216,87,1,96.6,0
15218,10,11,5756.89,0
15219,175,1,305.75,2
15220,51,7,1758.92,0
15221,365,2,114.1,1
15222,318,1,585.0,1
15223,225,3,454.90000000000003,1
15224,357,3,310.48,1
15225,233,1,409.40000000000003,1
15226,310,1,154.41,1
15227,36,5,1219.4,0
15228,65,5,3376.96,0
15230,238,2,429.6,1
15232,112,2,612.06,2
15234,276,1,197.0,1
15235,217,12,2247.51,2
15236,298,1,321.05,1
15237,1,4,1412.32,0
15238,28,5,1056.54,0
15239,9,3,764.34,0
15240,44,7,1685.57,0
15241,66,9,1738.59,0
15243,73,1,316.68,0
15244,64,2,631.57,0
15245,133,3,2515.84,2
15246,237,2,514.15,1
15247,121,1,356.0,2
15249,31,15,6657.36,0
15251,8,15,10327.11,0
15252,35,2,740.78,0
15253,15,6,915.3,0
15254,126,1,300.36,2
15255,66,1,890.85,0
15256,148,1,98.45,2
15257,280,2,232.14999999999998,1
15258,168,2,623.16,2
15260,99,8,1780.77,2
15261,134,1,254.82,2
15262,323,1,178.95000000000002,1
15263,106,1,156.51,2
15264,63,1,393.74,0
15265,150,2,1506.1200000000001,2
15266,337,1,119.3,1
15267,21,5,1717.36,0
15269,23,1,408.8,0
15270,15,9,2298.2,0
15271,6,16,2485.82,0
15272,56,2,721.94,0
15274,3,2,716.57,0
15275,30,2,609.19,0
15276,65,1,135.31,0
15277,46,1,255.89999999999998,0
15279,354,2,277.40999999999997,1
15280,171,1,113.12,2
15281,58,12,2239.9500000000003,0
15286,49,1,240.55,0
15287,21,3,485.24,0
15288,42,5,2306.52,0
15289,28,4,935.1,0
15290,4,21,7803.7699999999995,0
15291,25,20,4596.51,0
15292,200,1,180.94,2
15296,43,10,3610.31,0
15297,9,4,635.04,0
15298,1,14,3774.1,0
15299,66,11,3787.09,0
15300,63,1,496.44,0
15301,50,14,5028.12,0
15303,289,1,574.02,1
15304,60,10,680.3,0
15306,63,3,1174.35,0
15307,95,1,205.3,2
15308,270,2,302.27,1
15311,0,118,59419.340000000004,0
15312,74,5,921.1,0
15313,109,1,52.0,2
15314,198,1,327.97,2
15315,63,3,551.54,0
15316,326,1,165.0,1
15318,3,1,312.62,0
15319,283,1,204.5,1
15320,43,1,267.13,0
15321,48,4,2650.73,0
15322,63,2,602.97,0
15325,103,1,162.29,2
15326,333,1,311.71,1
15327,52,1,208.75,0
15329,34,5,1005.5,0
15330,31,2,714.96,0
15332,365,4,1661.06,1
15333,207,1,1028.56,2
15334,156,3,351.67,2
15335,53,1,173.97,0
15339,65,3,557.57,0
15341,80,1,2020.52,0
15342,115,2,391.76,2
15343,86,1,364.5,0
15344,0,5,476.58,0
15345,34,2,367.69,0
15346,332,1,252.42000000000002,1
15347,365,1,201.60000000000002,1
15348,71,1,158.04,0
15349,157,2,473.81,2
15350,372,1,115.65,1
15351,11,10,1862.14,0
15353,254,2,777.02,1
15355,28,2,277.05,0
15356,30,10,2766.5,0
15358,4,29,8234.8,0
15360,39,1,427.93,0
15361,361,1,418.92,1
15363,240,2,318.05,1
15364,95,2,913.19,2
15365,25,9,1330.45,0
15366,74,2,602.51,0
15367,56,5,1867.69,0
15368,20,1,446.94000000000005,0
15369,143,1,-1592.49,2
15370,40,8,2360.55,0
15372,136,1,2007.3999999999999,2
15373,7,13,2213.11,0
15374,128,1,168.0,2
15376,39,3,1233.3600000000001,0
15379,168,8,3631.8900000000003,2
15380,8,6,1682.3600000000001,0
15381,213,2,596.85,2
15382,14,8,5927.86,0
15384,169,3,635.76,2
15385,39,1,316.88,0
15386,185,1,394.14,2
15388,269,1,140.54,1
15389,171,1,500.0,2
15392,4,5,1515.73,0
15393,15,2,231.86,0
15394,9,4,2183.54,0
15395,325,1,107.45,1
15396,112,1,288.18,2
15397,289,1,94.0,1
15398,15,3,1339.63,0
15399,0,3,815.77,0
15400,91,6,666.7,2
15402,148,2,626.77,2
15405,188,1,349.1,2
15406,17,4,426.61,0
15407,33,4,1056.44,0
15408,263,1,267.18,1
15410,83,8,3450.84,0
15411,25,5,1346.38,0
15412,170,1,190.53,2
15414,9,3,774.9000000000001,0
15415,312,1,572.8100000000001,1
15416,64,5,3974.37,0
15417,84,1,508.8,0
15419,24,1,135.86,0
15421,58,4,950.36,0
15422,322,2,97.7,1
15423,37,1,43.5,0
15424,253,2,383.34,1
15426,18,7,1429.9,0
15427,32,3,1483.14,0
15428,14,1,93.78,0
15429,26,3,364.90000000000003,0
15432,22,1,171.19,0
15433,78,3,417.87,0
15434,7,6,997.48,0
15435,21,1,149.29,0
15436,11,3,1122.53,0
15437,261,1,200.16,1
15438,130,1,156.57999999999998,2
15440,54,3,383.68,0
15442,248,1,594.0,1
15443,1,8,3212.16,0
15444,8,2,1418.26,0
15445,263,1,113.5,1
15447,330,1,155.17,1
15448,312,1,494.64,1
15449,25,5,971.22,0
15450,29,1,429.84,0
15452,29,3,538.73,0
15453,1,7,1388.37,0
15454,361,1,179.1,1
15456,282,3,447.22,1
15457,261,1,237.07,1
15458,24,1,161.64,0
15460,353,1,216.76,1
15462,93,3,234.6,2
15463,28,1,126.14,0
15464,337,1,1048.85,1
15465,19,24,6945.0199999999995,0
15466,84,1,334.53,0
15467,8,4,511.88,0
15468,34,5,438.46,0
15469,42,4,504.5,0
15471,1,1,469.48,0
15472,112,1,371.56,2
15473,13,10,1465.2,0
15475,76,1,454.10999999999996,0
15478,39,2,1441.42,0
15480,115,1,905.5,2
15482,15,16,6568.72,0
15483,160,4,233.81,2
15484,0,5,3563.11,0
15485,29,3,2575.0,0
15488,92,1,91.32000000000001,2
15489,22,4,1090.03,0
15491,94,7,3090.85,2
15492,27,2,659.4599999999999,0
15493,32,7,1967.25,0
15494,20,2,1299.23,0
15497,17,3,1259.7,0
15498,0,35,12396.46,0
15500,7,4,1131.56,0
15502,15,23,5541.46,0
15503,362,1,147.09,1
15504,80,1,52.83,0
15505,52,7,3497.14,0
15506,22,3,979.26,0
15507,171,1,492.36,2
15508,188,6,1000.27,2
15510,330,1,250.0,1
15511,11,5,909.23,0
15512,155,2,121.0,2
15513,30,22,14520.08,0
15514,11,13,2963.19,0
15516,44,3,62.43,0
15517,232,1,267.03,1
15518,63,13,1911.89,0
15520,1,1,343.5,0
15521,35,13,2574.65,0
15522,32,2,398.84,0
15523,83,1,412.01000000000005,0
15524,24,1,440.0,0
15525,1,4,811.02,0
15526,32,2,148.44,0
15527,18,10,2348.82,0
15528,253,1,229.33,1
15529,22,12,3967.78,0
15530,21,4,1502.35,0
15531,7,2,2007.44,0
15532,24,6,1517.08,0
15533,18,5,746.92,0
15535,172,7,459.9,2
15537,162,1,110.92,2
15539,6,1,538.46,0
15540,10,1,213.3,0
15541,113,1,85.13000000000001,2
15543,287,1,127.86,1
15544,8,11,3542.51,0
15545,53,2,292.71999999999997,0
15547,6,14,4954.84,0
15549,76,4,1655.76,0
15550,3,4,575.63,0
15551,36,1,436.06,0
15552,216,1,90.12,2
15553,59,1,437.23,0
15554,277,1,217.2,1
15555,11,20,4758.2,0
15556,23,1,279.77,0
15557,28,1,473.65000000000003,0
15561,11,5,722.74,0
15562,351,1,134.55,1
15563,8,7,1319.69,0
15565,49,2,173.16,0
15567,18,1,186.01,0
15568,2,3,758.29,0
15569,103,5,1375.71,2
15570,6,13,4109.97,0
15571,11,4,650.4300000000001,0
15572,4,7,2552.86,0
15573,31,2,607.45,0
15574,177,4,702.25,2
15576,37,1,940.6700000000001,0
15577,150,3,258.88,2
15578,161,1,127.1,2
15579,68,2,348.6,0
15581,120,14,3429.9700000000003,2
15582,24,3,682.9100000000001,0
15584,23,5,722.61,0
15585,176,1,455.3,2
15587,49,4,913.6800000000001,0
15589,252,4,456.58,1
15590,288,1,-30.19,1
15592,46,1,388.58,0
15593,70,1,199.8,0
15594,15,6,1767.53,0
15596,100,9,1343.34,2
15597,29,2,315.71999999999997,0
15598,34,3,235.68,0
15599,26,2,761.74,0
15601,10,17,6745.36,0
15602,7,15,1083.63,0
15603,78,1,48.480000000000004,0
15604,51,1,216.39,0
15605,35,5,1198.23,0
15606,56,11,2422.64,0
15607,336,1,104.76,1
15608,27,4,1093.68,0
15609,182,2,270.03000000000003,2
15610,51,1,112.46000000000001,0
15611,9,15,1568.39,0
15612,35,2,195.15,0
15615,9,27,10360.04,0
15618,32,5,747.031,0
15619,10,1,336.40000000000003,0
15620,49,6,1524.4,0
15621,3,6,1158.77,0
15622,2,16,3224.53,0
15623,140,1,301.03,2
15624,116,4,588.13,2
15625,99,8,1504.56,2
15626,74,2,675.8,0
15628,4,10,2865.64,0
15630,44,3,1180.4,0
15632,15,10,3147.31,0
15634,16,1,243.55,0
15636,89,2,724.76,0
15637,52,1,223.36,0
15638,300,1,-94.0,1
15639,133,1,425.32,2
15640,3,17,12433.34,0
15641,104,4,1887.2,2
15643,178,6,647.4,2
15644,165,4,813.0,2
15645,18,1,612.01,0
15646,157,4,425.14000000000004,2
15648,203,4,599.9,2
15649,335,2,816.0,1
15651,36,3,646.3,0
15652,90,1,337.74,0
15653,92,2,877.4399999999999,2
15654,8,2,922.53,0
15655,232,2,511.32,1
15656,44,4,748.5,0
15657,22,1,30.0,0
15658,189,8,958.9,2
15659,43,1,306.45,0
15660,24,12,1552.01,0
15661,316,2,309.8,1
15663,105,1,138.14,2
15664,50,2,358.63,0
15665,167,2,2242.01,2
15667,39,1,301.32,0
15668,217,1,76.32000000000001,2
15669,39,5,677.69,0
15670,296,1,173.05,1
15671,18,10,2635.4900000000002,0
15673,87,4,2881.02,0
15674,72,8,1744.02,0
15675,80,3,323.69,0
15676,8,5,3324.09,0
15677,48,1,657.23,0
15678,52,1,352.7,0
15679,23,4,781.28,0
15680,8,3,1333.68,0
15681,17,6,946.36,0
15683,116,1,193.75,2
15687,8,11,2981.5,0
15689,119,2,254.1,2
15690,3,2,239.76,0
15691,251,1,136.8,1
15692,27,1,191.04,0
15694,0,15,6423.6,0
15695,266,2,409.98,1
15696,32,12,2644.46,0
15699,17,1,309.65,0
15700,171,3,664.03,2
15701,1,4,1542.14,0
15703,264,1,211.5,1
15704,139,4,2293.62,2
15705,200,1,143.1,2
15706,59,7,1001.8100000000001,0
15707,34,4,945.58,0
15708,40,11,3329.7200000000003,0
15709,283,1,133.25,1
15712,8,5,1072.3600000000001,0
15713,142,3,346.75,2
15714,11,2,330.88,0
15716,145,4,1118.81,2
15717,233,1,150.3,1
15719,32,14,5043.96,0
15720,23,1,598.73,0
15721,11,1,507.08,0
15722,35,6,2181.21,0
15723,364,1,203.1,1
15724,200,3,212.3,2
15725,14,1,415.25,0
15727,16,7,5178.96,0
15728,48,1,-134.8,0
15729,197,2,62.0,2
15730,65,4,1108.38,0
15732,211,2,294.12,2
15733,282,1,162.3,1
15734,114,2,1339.45,2
15737,14,12,1121.21,0
15738,18,19,4788.77,0
15739,65,1,449.12,0
15740,48,1,154.88,0
15743,15,4,784.46,0
15744,77,1,34.8,0
15745,8,6,1071.24,0
15746,133,2,182.96,2
15747,12,3,974.04,0
15748,39,1,149.31,0
15749,234,4,21535.9,1
15750,2,9,2451.23,0
15752,39,8,2628.93,0
15753,304,1,79.2,1
15754,50,4,455.67,0
15755,0,8,2318.88,0
15756,60,4,532.96,0
15757,65,2,714.42,0
15758,24,1,205.25,0
15759,217,3,253.04,2
15762,64,2,583.75,0
15763,31,3,1048.67,0
15764,80,10,3245.47,0
15766,63,1,315.06,0
15768,115,4,581.8299999999999,2
15769,6,29,51823.72,0
15773,5,1,635.6800000000001,0
15774,68,1,270.8,0
15775,244,1,104.9,1
15776,132,1,241.62,2
15777,240,5,1021.61,1
15780,183,3,475.28000000000003,2
15781,24,4,333.56,0
15782,9,4,2593.94,0
15783,10,1,246.3,0
15785,29,8,2303.75,0
15786,43,5,4834.2,0
15787,25,3,948.05,0
15789,357,1,351.3,1
15790,9,1,220.85,0
15791,43,3,1604.44,0
15793,8,4,948.96,0
15795,149,1,610.01,2
15796,0,10,2666.61,0
15797,112,4,2207.4,2
15799,75,3,884.14,0
15800,106,2,699.08,2
15801,45,4,1042.19,0
15802,142,3,-451.42,2
15803,50,1,415.82000000000005,0
15804,0,19,3848.55,0
15805,22,20,5452.17,0
15806,45,3,784.58,0
15807,49,3,903.9,0
15808,305,5,3724.77,1
15809,35,6,399.21,0
15810,78,7,1145.43,0
15811,16,9,2171.32,0
15812,106,5,1801.14,2
15813,207,2,1303.9099999999999,2
15814,2,6,1842.73,0
15815,63,5,2100.6,0
15819,48,4,1905.45,0
15820,319,1,206.98,1
15821,43,2,570.96,0
15822,2,2,885.47,0
15823,336,2,-840.76,1
15825,171,1,532.94,2
15826,50,4,1649.3600000000001,0
15827,72,20,1641.48,0
15829,98,2,636.14,2
15830,28,2,547.7,0
15831,57,4,747.76,0
15832,253,1,836.79,1
15834,69,6,2084.9,0
15835,43,4,954.09,0
15836,44,2,117.47,0
15837,64,1,391.98,0
15838,10,21,33350.76,0
15839,24,5,1020.74,0
15840,58,3,345.66,0
15841,63,6,1209.1,0
15843,303,1,118.95000000000002,1
15844,45,1,130.73999999999998,0
15845,17,10,3650.87,0
15847,37,2,389.27,0
15850,18,2,238.85,0
15852,186,2,160.71,2
15853,51,1,110.8,0
15854,3,12,2974.65,0
15855,136,5,712.24,2
15856,3,31,16173.67,0
15857,18,1,297.0,0
15858,15,5,1438.85,0
15860,40,8,977.21,0
15861,11,9,3000.36,0
15862,7,4,832.88,0
15863,25,2,68.84,0
15864,21,8,1769.7800000000002,0
15865,40,3,895.13,0
15866,100,1,230.53,2
15867,4,16,3797.79,0
15869,276,2,149.64,1
15870,32,1,354.09000000000003,0
15872,14,2,360.93,0
15874,62,9,4330.67,0
15877,1,3,440.78,0
15880,368,2,313.28000000000003,1
15881,311,8,438.24,1
15882,198,5,495.36,2
15883,1,2,396.48,0
15885,92,3,379.35,2
15886,59,1,181.09,0
15888,79,2,141.27,0
15889,156,2,446.87,2
15891,226,1,524.52,1
15894,252,2,263.55,1
15895,149,1,179.17,2
15897,193,2,222.05,2
15898,0,6,1384.68,0
15899,368,1,56.25,1
15900,23,1,351.11,0
15901,16,3,363.88,0
15903,9,8,5126.34,0
15904,7,1,164.68,0
15906,19,8,1521.79,0
15907,3,3,967.45,0
15909,173,1,191.94,2
15910,0,8,1232.18,0
15912,177,2,264.62,2
15916,15,10,1491.24,0
15917,247,1,123.1,1
15918,190,2,334.23,2
15919,19,2,639.89,0
15920,153,4,167.5,2
15921,172,1,336.03000000000003,2
15922,371,2,363.6,1
15923,372,1,127.08,1
15925,193,1,207.15,2
15930,66,1,426.63,0
15932,3,11,2461.85,0
15933,20,3,1107.46,0
15935,238,2,416.86,1
15937,63,1,145.35,0
15938,111,5,404.58,2
15939,89,16,6102.26,0
15940,310,2,31.799999999999997,1
15942,133,1,337.44,2
15944,276,1,325.1,1
15945,364,1,181.0,1
15947,82,1,1708.24,0
15948,7,2,955.24,0
15949,16,2,364.72,0
15950,1,5,1705.26,0
15951,0,3,669.57,0
15952,33,4,806.57,0
15953,14,10,1634.53,0
15955,23,16,4389.81,0
15957,31,1,428.89,0
15958,73,1,104.35,0
15963,19,2,470.76,0
15965,16,4,845.64,0
15967,22,2,418.83,0
15969,2,4,582.9,0
15970,303,1,314.1,1
15971,17,12,4199.85,0
15973,235,3,99.77000000000002,1
15974,38,8,3429.55,0
15975,83,1,371.01,0
15976,164,2,430.94,2
15977,16,2,1054.73,0
15978,76,1,1098.78,0
15980,88,3,2398.86,0
15981,24,8,3408.48,0
15983,21,4,1475.02,0
15984,2,11,2816.97,0
15985,122,3,1037.42,2
15986,29,1,168.12,0
15987,11,7,1451.28,0
15988,18,1,158.03,0
15990,43,2,792.11,0
15992,3,1,41.989999999999995,0
15993,8,10,2756.82,0
15994,54,1,427.07,0
15996,87,7,1044.78,0
15998,36,6,3084.17,0
16000,2,3,12393.7,0
16003,29,5,2735.37,0
16005,11,4,615.39,0
16006,210,1,101.4,2
16007,47,4,1701.94,0
16008,23,3,478.78,0
16009,21,4,992.71,0
16010,245,3,407.5,1
16011,7,16,3362.71,0
16012,34,3,1415.29,0
16013,3,54,33366.25,0
16014,35,4,653.13,0
16015,3,4,690.54,0
16016,2,10,1483.31,0
16017,46,1,211.88,0
16018,38,2,408.90000000000003,0
16019,1,10,3450.2400000000002,0
16020,16,3,851.01,0
16022,259,1,628.28,1
16023,45,3,719.81,0
16024,11,1,251.24,0
16025,29,1,439.65999999999997,0
16026,42,1,236.09,0
16027,91,7,852.12,2
16029,38,76,50992.61,0
16030,309,1,331.24,1
16031,91,2,548.94,2
16033,5,27,8727.61,0
16034,195,3,437.7,2
16036,86,2,758.92,0
16037,269,3,855.02,1
16038,7,4,454.33000000000004,0
16040,64,3,1313.55,0
16041,30,3,3166.4,0
16042,21,7,1147.37,0
16043,37,4,773.99,0
16045,119,4,1340.7,2
16048,85,3,243.69000000000003,0
16049,39,3,1111.79,0
16050,173,1,137.9,2
16052,53,1,362.06,0
16053,32,2,1511.95,0
16054,144,1,783.9,2
16055,220,1,134.8,2
16056,44,1,664.85,0
16057,3,10,2140.2200000000003,0
16059,65,6,1459.8600000000001,0
16061,268,1,-29.95,1
16062,9,4,1153.62,0
16063,259,1,335.32,1
16065,364,1,372.09,1
16066,16,5,1521.87,0
16070,21,2,852.15,0
16071,44,1,326.24,0
16072,287,1,584.3199999999999,1
16073,291,2,94.35,1
16076,2,11,2173.53,0
16078,283,1,79.2,1
16079,16,3,1352.0,0
16080,81,3,176.6,0
16081,55,5,2806.9,0
16083,100,2,1317.62,2
16084,298,1,436.18,1
16085,22,5,981.51,0
16086,58,6,1119.31,0
16091,154,2,315.06,2
16092,98,5,779.36,2
16093,106,1,17.0,2
16094,11,6,1041.83,0
16096,263,1,320.62,1
16097,239,1,185.04999999999998,1
16098,87,7,2005.63,0
16099,49,3,731.9,0
16101,8,3,1245.96,0
16102,41,3,1842.14,0
16103,6,6,1429.64,0
16104,61,1,302.36,0
16105,248,1,336.96,1
16106,65,1,108.38,0
16107,17,7,3204.1600000000003,0
16108,84,2,816.1,0
16109,218,2,611.88,2
16110,44,3,1337.48,0
16112,142,4,195.73999999999998,2
16113,182,1,161.38,2
16114,170,1,135.75000000000003,2
16115,9,8,1667.97,0
16116,205,2,592.88,2
16117,189,1,232.21,2
16119,7,2,423.36,0
16120,58,5,1294.14,0
16121,56,2,867.11,0
16122,72,4,684.4200000000001,0
16123,51,1,307.78,0
16124,315,2,187.15,1
16125,366,1,289.35,1
16126,28,4,6287.77,0
16127,38,1,656.25,0
16128,17,5,1880.22,0
16131,51,6,3506.54,0
16133,3,46,14305.66,0
16134,21,3,603.69,0
16135,262,1,517.55,1
16136,59,3,709.38,0
16138,367,1,-7.95,1
16139,18,3,635.41,0
16140,52,4,703.77,0
16141,87,1,620.4,0
16142,249,1,535.34,1
16143,2,7,2419.84,0
16144,246,1,175.2,1
16145,8,18,3741.98,0
16146,156,3,734.13,2
16147,133,1,375.0,2
16148,295,1,76.32000000000001,1
16149,4,2,280.52,0
16150,38,10,1906.07,0
16152,268,1,1829.04,1
16153,49,5,1824.23,0
16156,8,13,3024.62,0
16157,15,4,644.24,0
16159,281,1,348.2,1
16160,63,4,1009.4499999999999,0
16161,1,26,5352.97,0
16162,251,1,37.4,1
16163,224,3,441.59999999999997,1
16164,16,4,802.53,0
16168,10,28,3770.6,0
16169,7,4,1822.97,0
16170,50,7,1880.4199999999998,0
16171,58,1,73.2,0
16172,94,5,1140.21,2
16173,15,7,1406.57,0
16174,125,3,1009.5500000000001,2
16175,93,4,1037.59,2
16177,49,1,331.95,0
16178,137,1,197.9,2
16179,60,1,215.83,0
16180,99,10,10217.48,2
16181,72,1,305.54,0
16182,71,4,6617.65,0
16183,66,1,338.71000000000004,0
16184,63,7,1155.54,0
16185,16,2,529.41,0
16186,22,13,3991.94,0
16187,31,17,6841.24,0
16188,44,4,981.86,0
16189,15,2,215.48,0
16190,39,1,215.08,0
16191,2,25,4913.32,0
16193,236,1,314.45,1
16198,74,1,400.68100000000004,0
16200,3,2,1080.6200000000001,0
16201,2,5,1821.52,0
16202,360,1,365.27,1
16203,58,5,589.15,0
16204,22,1,405.71,0
16205,30,4,761.38,0
16206,54,4,537.0600000000001,0
16207,24,1,394.38,0
16208,44,2,664.26,0
16209,88,5,2262.62,0
16210,1,18,21086.3,0
16211,80,2,542.77,0
16212,18,3,681.19,0
16213,78,1,159.0,0
16214,170,3,1062.75,2
16215,80,1,242.35,0
16216,266,1,914.9300000000001,1
16217,234,4,259.39000000000004,1
16218,29,8,3054.87,0
16221,36,3,864.86,0
16222,317,1,846.72,1
16224,56,4,1295.3,0
16225,44,5,1096.32,0
16226,202,3,255.12,2
16227,218,2,308.32000000000005,2
16229,86,2,1010.6,0
16230,189,2,542.03,2
16232,32,5,983.23,0
16233,70,5,422.13,0
16235,40,6,858.41,0
16236,77,1,432.2,0
16239,56,3,372.9,0
16240,7,5,3693.81,0
16241,9,13,2607.87,0
16242,7,8,3598.26,0
16243,33,2,409.1,0
16244,211,2,1522.75,2
16245,23,5,1352.3600000000001,0
16247,169,1,114.56,2
16248,61,1,152.94,0
16249,52,5,1800.07,0
16250,260,2,389.44,1
16252,365,1,-295.09,1
16253,31,3,3665.62,0
16255,16,10,2609.3,0
16256,257,2,732.63,1
16257,176,1,46.95,2
16258,44,5,5203.51,0
16260,50,1,1035.45,0
16261,16,4,746.83,0
16262,360,1,-31.65,1
16265,8,11,5423.15,0
16266,73,7,861.89,0
16268,70,2,667.65,0
16270,352,1,1141.24,1
16271,2,6,1423.29,0
16272,116,1,411.7,2
16274,372,1,357.95,1
16275,196,1,559.87,2
16276,176,1,810.6000000000001,2
16278,22,3,537.83,0
16279,20,4,1496.68,0
16281,71,1,2062.06,0
16282,339,1,168.3,1
16283,5,7,1531.51,0
16284,30,2,823.97,0
16287,169,1,142.5,2
16292,116,2,280.9,2
16293,8,12,2236.7400000000002,0
16295,9,4,1328.55,0
16297,212,4,275.4,2
16298,22,3,598.2,0
16302,107,2,212.82,2
16303,25,4,5305.83,0
16305,138,1,361.21999999999997,2
16306,213,9,602.27,2
16308,37,4,2560.0,0
16309,91,3,686.67,2
16311,17,2,616.26,0
16313,2,2,274.15000000000003,0
16315,330,1,226.37,1
16316,63,12,2755.56,0
16317,119,3,1341.65,2
16318,34,1,328.15,0
16319,217,1,404.40000000000003,2
16320,171,2,1038.46,2
16321,71,7,230.70000000000002,0
16322,0,2,326.75,0
16323,195,1,207.50000000000003,2
16324,127,3,428.68,2
16325,43,5,510.54,0
16326,5,15,3085.96,0
16327,13,6,3844.22,0
16330,17,4,242.21,0
16332,27,8,1583.2,0
16333,7,22,26626.8,0
16337,36,1,151.05,0
16338,156,1,214.79999999999998,2
16339,283,1,109.95,1
16340,106,1,549.07,2
16341,24,6,1959.38,0
16342,74,4,322.41,0
16343,15,2,370.47999999999996,0
16344,157,1,101.10000000000001,2
16345,43,1,575.41,0
16347,10,2,887.65,0
16348,31,7,1469.45,0
16349,290,1,53.5,1
16350,20,5,1100.47,0
16351,332,1,153.9,1
16352,17,2,494.44,0
16353,3,23,6675.71,0
16354,62,2,395.8,0
16356,197,4,210.32000000000002,2
16357,32,3,658.88,0
16358,0,5,2024.95,0
16359,6,12,1460.3700000000001,0
16360,4,8,3411.69,0
16361,9,4,896.66,0
16362,31,9,652.07,0
16363,52,1,109.36000000000001,0
16364,11,2,707.04,0
16365,17,9,1540.42,0
16366,18,1,327.3,0
16367,36,2,804.49,0
16368,1,2,497.43,0
16369,17,3,1553.66,0
16370,81,4,1320.56,0
16372,32,2,367.93,0
16374,65,2,473.03000000000003,0
16376,8,3,977.52,0
16377,266,1,676.2,1
16378,246,3,362.95,1
16379,3,5,2131.9,0
16380,60,1,1780.59,0
16383,74,2,668.36,0
16384,89,2,584.5,0
16385,59,3,555.89,0
16386,28,2,317.2,0
16387,322,1,94.36,1
16389,52,5,1362.27,0
16392,269,1,221.19,1
16393,1,20,2941.05,0
16394,49,9,1412.06,0
16395,60,5,1486.9,0
16398,144,4,1631.15,2
16399,18,2,408.57,0
16400,94,1,303.93,2
16401,0,20,4061.24,0
16402,264,2,299.6,1
16403,301,2,161.04999999999998,1
16404,69,1,443.05,0
16405,301,2,167.25,1
16406,18,1,163.07,0
16407,12,10,2126.93,0
16409,35,5,2028.88,0
16411,18,2,214.65,0
16412,53,1,151.83,0
16413,56,1,262.2,0
16414,21,2,126.25,0
16415,43,1,210.35,0
16416,26,4,1026.99,0
16418,44,3,675.27,0
16419,112,7,959.48,2
16422,16,75,33805.69,0
16423,24,1,346.12,0
16424,190,2,82.56,2
16425,301,1,302.7,1
16426,1,10,1908.25,0
16427,262,2,241.06,1
16428,80,1,-2.95,0
16429,105,1,284.55,2
16430,56,1,300.85,0
16431,212,3,642.81,2
16432,63,1,287.4,0
16433,27,1,184.26,0
16434,28,7,1522.25,0
16438,5,5,798.35,0
16440,7,5,3640.67,0
16441,66,2,381.2,0
16442,1,3,616.79,0
16444,45,5,638.77,0
16445,33,1,230.51,0
16446,0,3,2.8999999999941792,0
16447,135,1,259.01,2
16448,197,1,188.89000000000001,2
16449,190,3,674.69,2
16450,149,1,311.92,2
16451,87,1,266.97,0
16454,44,3,-8.15,0
16455,63,7,1841.18,0
16456,98,5,2158.37,2
16457,217,1,208.36,2
16458,2,18,3482.7400000000002,0
16460,27,3,814.72,0
16461,177,1,151.42,2
16462,63,4,102.0,0
16463,20,7,1383.7,0
16464,19,3,1314.68,0
16466,33,7,1603.46,0
16468,73,1,74.9,0
16469,23,4,650.43,0
16470,51,5,757.44,0
16471,274,1,223.95000000000002,1
16473,164,4,314.86,2
16474,6,11,1811.47,0
16475,87,4,544.3,0
16477,63,7,2494.46,0
16478,24,3,331.0,0
16479,9,2,300.83,0
16480,75,1,769.29,0
16482,15,1,220.62,0
16483,191,1,139.35,2
16484,173,3,379.4,2
16485,76,1,363.65,0
16488,32,4,492.2,0
16491,46,1,731.5,0
16493,72,6,1329.66,0
16494,296,1,826.53,1
16495,2,3,684.41,0
16496,8,4,1562.22,0
16497,49,6,2965.69,0
16498,160,3,86.12,2
16499,359,5,319.1,1
16500,4,6,400.86,0
16503,106,5,1421.43,2
16504,24,1,484.38,0
16505,31,1,777.6,0
16506,19,2,90.30000000000001,0
16509,296,1,363.7,1
16510,371,1,248.1,1
16511,21,3,950.26,0
16513,4,4,874.59,0
16515,51,5,1627.13,0
16516,29,1,101.69999999999999,0
16517,276,1,162.7,1
16518,60,3,480.92,0
16519,24,2,215.07999999999998,0
16520,185,4,1036.6200000000001,2
16523,1,28,9295.67,0
16525,1,29,11895.57,0
16526,171,1,290.36,2
16527,80,1,228.06,0
16528,3,1,244.41,0
16529,189,1,455.25,2
16531,21,7,1244.59,0
16532,17,3,6748.8,0
16533,18,5,1026.94,0
16535,4,1,593.75,0
16536,106,2,539.02,2
16539,2,4,1388.81,0
16542,53,1,119.62,0
16545,164,1,339.3,2
16546,290,3,-95.93,1
16549,9,10,4154.64,0
16550,108,9,2266.25,2
16551,95,3,922.12,2
16552,242,2,379.73,1
16553,162,14,5664.57,2
16554,2,7,641.55,0
16555,34,2,285.89,0
16556,66,7,3313.79,0
16557,23,2,281.85,0
16558,0,24,8257.04,0
16560,20,3,816.51,0
16561,5,2,511.12,0
16563,53,1,1077.74,0
16565,363,1,173.7,1
16566,14,6,614.01,0
16567,193,2,865.6,2
16569,2,1,124.2,0
16570,8,15,3622.95,0
16571,2,5,1285.22,0
16572,126,4,999.7,2
16573,73,4,648.41,0
16574,70,1,451.44,0
16579,364,1,-30.599999999999998,1
16581,154,2,70.44,2
16582,112,1,313.62,2
16583,373,1,233.45,1
16584,79,3,908.03,0
16586,248,1,463.95,1
16587,231,1,225.15,1
16589,70,3,459.24,0
16591,68,1,213.5,0
16592,3,19,4073.28,0
16593,50,3,330.03,0
16594,74,1,181.09,0
16595,60,1,360.16,0
16596,15,2,250.15,0
16597,3,1,90.04,0
16598,276,2,140.7,1
16600,3,6,813.52,0
16601,40,1,244.79999999999998,0
16602,30,2,494.72999999999996,0
16603,74,2,482.47,0
16607,17,16,3038.67,0
16609,14,9,5450.96,0
16610,218,1,75.66,2
16611,185,2,120.99000000000001,2
16612,32,4,1187.66,0
16613,69,1,618.59,0
16614,182,1,506.19,2
16616,14,2,500.42,0
16617,235,1,151.85,1
16618,30,6,2630.64,0
16619,253,2,204.41,1
16620,3,2,178.96,0
16621,51,4,813.48,0
16623,245,1,129.45,1
16624,80,2,810.5699999999999,0
16625,274,1,333.08,1
16626,0,20,4379.65,0
16627,78,1,322.8,0
16628,29,6,2183.04,0
16629,73,2,417.73,0
16633,16,7,2878.15,0
16634,222,2,217.9,2
16637,31,5,1124.59,0
16638,22,11,1676.47,0
16639,24,4,1169.38,0
16641,105,1,231.10000000000002,2
16642,4,3,679.83,0
16643,245,1,487.51,1
16644,177,2,833.78,2
16647,169,2,214.06,2
16648,38,2,270.85999999999996,0
16650,71,1,518.42,0
16652,53,11,6654.26,0
16653,15,3,1166.92,0
16654,140,5,594.97,2
16655,17,6,3794.52,0
16656,21,21,8568.24,0
16657,9,4,933.62,0
16658,367,1,123.24,1
16659,188,1,39.12,2
16660,15,5,810.4499999999999,0
16665,361,1,135.39999999999998,1
16666,18,1,118.98,0
16667,67,2,570.13,0
16668,14,6,306.71999999999997,0
16669,23,4,1370.8700000000001,0
16670,16,17,4022.46,0
16671,27,3,1692.27,0
16672,1,23,8093.59,0
16674,54,2,319.61,0
16676,33,5,1558.72,0
16678,2,17,3013.83,0
16679,365,1,129.75,1
16680,42,1,183.7,0
16681,72,6,1770.34,0
16682,4,5,1028.0,0
16684,3,31,65892.08,0
16685,60,2,324.24,0
16686,46,9,3043.48,0
16688,0,4,1260.86,0
16689,75,3,303.26,0
16690,43,3,208.63,0
16692,255,2,1276.0,1
16693,68,2,482.01,0
16696,134,4,657.9000000000001,2
16697,240,1,112.75,1
16698,226,2,1998.0,1
16700,8,17,5040.0,0
16701,8,18,5150.2699999999995,0
16705,0,29,13946.130000000001,0
16706,36,3,531.35,0
16708,45,1,656.63,0
16709,84,5,3029.87,0
16710,18,10,2483.04,0
16711,2,5,1651.03,0
16712,8,11,3645.43,0
16713,18,21,6840.2300000000005,0
16714,218,4,911.53,2
16715,77,1,301.71999999999997,0
16716,266,3,319.8000000000001,1
16717,8,9,3278.36,0
16718,368,1,623.75,1
16719,14,8,1773.92,0
16720,25,1,155.24,0
16721,261,1,292.47,1
16722,16,16,4711.21,0
16723,90,2,589.15,0
16725,301,8,775.07,1
16726,25,5,1382.02,0
16727,363,1,272.82,1
16728,45,4,1054.67,0
16729,35,26,7076.28,0
16730,51,4,702.79,0
16732,31,1,603.75,0
16734,51,3,650.51,0
16735,78,7,2269.21,0
16737,52,1,417.59999999999997,0
16738,297,1,3.75,1
16739,171,2,312.55,2
16742,46,2,0.0,0
16743,28,8,2191.84,0
16744,10,7,1304.76,0
16745,86,18,7170.7,0
16746,4,19,6694.31,0
16747,24,4,826.96,0
16748,17,5,1515.9,0
16750,44,5,623.93,0
16751,30,1,1764.72,0
16752,372,1,207.5,1
16753,57,1,223.92000000000002,0
16754,371,1,2002.4,1
16755,113,5,1484.63,2
16756,214,1,239.4,2
16757,318,1,106.83000000000001,1
16758,64,1,369.34000000000003,0
16759,7,4,772.84,0
16761,96,1,316.62,2
16762,19,3,1501.38,0
16763,184,2,594.9,2
16764,3,18,2758.25,0
16765,293,1,34.0,1
16766,272,2,1145.6,1
16767,30,11,5580.6,0
16768,47,5,458.04,0
16769,259,1,380.39,1
16770,57,6,744.9,0
16771,32,5,2246.81,0
16773,56,1,171.59,0
16774,67,5,654.92,0
16775,9,11,1695.66,0
16776,59,1,388.28,0
16777,79,2,226.35,0
16778,73,2,245.94,0
16779,1,28,10454.05,0
16780,99,2,425.19,2
16781,364,2,294.65,1
16782,9,19,2242.25,0
16784,19,1,107.6,0
16788,122,2,597.48,2
16789,7,1,80.8,0
16790,3,8,1520.1200000000001,0
16791,28,8,1706.28,0
16792,281,2,110.38000000000001,1
16793,56,1,243.84,0
16794,0,12,1201.51,0
16795,364,1,414.88,1
16796,88,1,305.62,0
16800,10,1,1201.49,0
16801,162,5,867.83,2
16803,64,1,332.3,0
16804,22,3,536.99,0
16805,173,2,460.59,2
16806,102,4,801.49,2
16807,142,3,1121.59,2
16808,98,2,288.42,2
16809,22,6,912.74,0
16810,191,2,275.64,2
16811,4,2,547.07,0
16812,360,1,479.35,1
16813,7,10,1692.98,0
16814,13,22,6500.6,0
16816,102,4,417.06,2
16817,2,13,1446.95,0
16818,10,13,3317.97,0
16820,95,1,497.61,2
16823,226,1,358.38,1
16824,15,2,460.64,0
16825,38,2,775.1800000000001,0
16826,50,1,341.7,0
16828,92,2,128.5,2
16829,156,1,197.22,2
16830,38,1,325.91,0
16832,183,3,199.15,2
16833,0,4,1106.53,0
16834,227,1,413.46,1
16835,127,2,180.85,2
16836,39,2,251.87,0
16837,30,12,3167.73,0
16838,196,3,582.9,2
16839,8,39,15357.78,0
16841,36,7,1774.62,0
16842,63,4,1260.44,0
16843,42,17,10183.82,0
16846,49,1,214.32,0
16847,42,1,193.44,0
16848,52,1,281.42,0
16849,186,1,124.57,2
16850,333,1,332.41,1
16851,3,3,342.45,0
16852,9,2,144.91000000000003,0
16855,23,2,328.4,0
16856,14,1,35.400000000000006,0
16858,365,2,345.89000000000004,1
16859,105,5,473.14,2
16861,59,3,151.65,0
16863,28,4,481.35,0
16866,140,3,207.73999999999998,2
16869,22,5,805.62,0
16871,21,7,2761.4900000000002,0
16872,76,3,680.02,0
16873,4,10,7066.31,0
16875,63,9,2023.47,0
16877,11,6,853.72,0
16878,24,2,0.0,0
16880,30,7,1519.08,0
16881,66,1,432.0,0
16882,66,3,705.12,0
16883,186,2,276.73,2
16884,37,2,429.84000000000003,0
16885,14,3,471.51,0
16887,34,1,194.88,0
16889,194,3,1578.67,2
16891,1,5,809.7,0
16892,0,7,496.84000000000003,0
16893,366,1,145.93,1
16895,64,1,219.14,0
16897,298,3,213.03,1
16898,25,4,444.46,0
16899,7,6,1281.56,0
16900,11,5,187.6900000000001,0
16902,115,1,1706.88,2
16903,28,1,373.24,0
16904,3,16,3754.27,0
16905,4,8,3085.48,0
16906,81,4,579.77,0
16907,28,5,981.65,0
16909,63,2,364.14,0
16910,3,8,1510.06,0
16912,22,14,2528.67,0
16913,289,1,113.44,1
16914,35,1,208.46,0
16915,8,6,621.6800000000001,0
16916,23,2,576.26,0
16917,276,1,391.52,1
16918,49,7,1043.34,0
16919,155,11,2596.45,2
16921,60,1,169.79,0
16923,11,26,6666.83,0
16924,20,4,739.5,0
16926,370,1,230.25,1
16927,115,3,543.05,2
16928,79,19,2781.5,0
16929,3,7,1295.39,0
16930,25,3,380.55,0
16931,4,21,4604.22,0
16932,52,1,161.94,0
16933,0,5,530.08,0
16934,54,2,950.9300000000001,0
16936,25,1,262.68,0
16938,8,5,1903.13,0
16940,51,3,3049.88,0
16942,12,10,1894.11,0
16943,211,3,816.73,2
16945,21,19,4345.5,0
16947,235,1,406.48,1
16948,138,3,435.02,2
16949,3,7,1161.27,0
16950,56,3,1178.56,0
16951,122,4,1262.75,2
16952,108,2,167.61,2
16953,29,1,20.8,0
16954,0,9,2085.08,0
16955,184,5,493.67,2
16956,8,2,292.34,0
16957,238,2,416.64,1
16959,86,1,117.35000000000001,0
16960,38,3,507.05,0
16961,115,1,234.17,2
16963,186,1,110.55000000000001,2
16965,226,1,201.19,1
16966,7,10,2148.47,0
16967,188,1,319.02,2
16968,3,2,439.43,0
16969,38,3,650.41,0
16971,2,2,232.20999999999998,0
16976,266,1,251.51999999999998,1
16978,77,1,344.33,0
16979,3,8,1809.05,0
16980,254,2,1078.96,1
16982,60,1,384.06,0
16983,12,8,1920.2,0
16984,77,5,4392.42,0
16985,16,11,5461.62,0
16986,29,2,1873.2,0
16987,2,7,1625.05,0
16988,4,1,126.12,0
16989,6,6,1133.25,0
16990,218,1,179.0,2
16992,10,6,1601.8600000000001,0
16995,371,1,-1.25,1
16996,29,9,1427.46,0
16997,287,3,702.0,1
16998,149,6,287.02000000000004,2
16999,22,2,484.82,0
17001,0,11,3989.57,0
17002,72,4,1487.78,0
17004,45,2,1412.94,0
17006,4,4,781.78,0
17007,50,7,877.4300000000001,0
17010,16,2,185.46,0
17011,29,1,270.9,0
17014,7,4,565.58,0
17015,28,3,1842.56,0
17017,2,27,8574.11,0
17018,40,2,920.1,0
17019,10,4,1272.61,0
17022,30,1,71.0,0
17024,44,3,95.85,0
17025,60,3,357.77,0
17026,184,2,154.82999999999998,2
17027,78,7,848.59,0
17029,110,2,716.0,2
17030,63,1,146.87,0
17031,11,2,380.35,0
17033,85,3,1030.14,0
17034,15,4,734.5699999999999,0
17035,245,3,388.33,1
17037,77,2,1253.22,0
17038,29,1,112.4,0
17040,137,1,449.73,2
17041,26,4,1065.77,0
17042,2,5,1044.3799999999999,0
17043,31,4,1735.18,0
17044,8,3,897.4300000000001,0
17045,112,3,339.44,2
17046,156,1,642.02,2
17047,84,3,1100.9,0
17048,114,6,864.32,2
17049,2,11,5594.78,0
17050,95,6,3228.84,2
17051,193,1,247.14000000000001,2
17052,27,1,413.75,0
17053,128,2,496.38,2
17054,27,6,1353.83,0
17058,81,3,1179.89,0
17059,29,5,3095.04,0
17060,265,1,234.24,1
17061,73,12,5116.13,0
17062,313,5,534.47,1
17063,8,11,1421.59,0
17064,58,3,859.35,0
17065,142,1,-112.35,2
17068,11,22,4531.34,0
17069,27,13,2655.2200000000003,0
17070,113,1,312.14,2
17071,8,14,2385.48,0
17073,17,4,1446.09,0
17075,17,5,813.77,0
17076,35,3,841.0799999999999,0
17078,35,2,378.2,0
17079,77,1,118.80000000000001,0
17080,21,3,285.5,0
17081,24,2,290.16,0
17082,32,2,2003.85,0
17083,108,3,1405.78,2
17084,34,2,2949.75,0
17085,122,6,1555.05,2
17086,6,6,2050.08,0
17088,27,4,1991.01,0
17090,3,8,2041.8500000000001,0
17091,2,10,3802.81,0
17092,49,4,1777.78,0
17094,317,2,270.20000000000005,1
17095,21,6,1088.2,0
17096,8,7,992.6800000000001,0
17097,1,9,937.92,0
17100,17,2,971.74,0
17101,9,4,1621.73,0
17102,261,1,25.5,1
17105,158,2,665.78,2
17107,32,7,10380.43,0
17109,28,8,869.6800000000001,0
17110,164,1,163.29999999999998,2
17111,46,1,248.61,0
17114,5,10,747.22,0
17115,7,5,806.9000000000001,0
17117,287,1,116.19999999999999,1
17118,317,1,157.02,1
17119,2,3,593.61,0
17120,232,1,307.46,1
17122,118,1,138.32,2
17123,161,1,345.29999999999995,2
17124,184,1,298.89,2
17125,49,1,259.35,0
17126,151,7,991.85,2
17128,334,1,157.09,1
17131,4,5,2463.17,0
17133,15,7,4892.240000000001,0
17134,106,2,425.0,2
17135,15,7,1139.73,0
17138,275,1,380.5,1
17139,15,15,10585.57,0
17140,246,1,465.32,1
17142,238,1,579.0,1
17144,0,2,984.57,0
17146,105,3,749.78,2
17147,22,6,1679.64,0
17148,51,1,124.88,0
17152,194,4,1503.5,2
17153,23,1,213.78,0
17154,74,1,329.34,0
17155,17,2,251.70000000000002,0
17157,7,3,306.55,0
17158,31,3,1266.97,0
17159,21,4,1534.73,0
17160,30,6,3518.03,0
17162,28,11,1707.21,0
17163,21,2,293.1,0
17164,32,8,2466.4,0
17165,283,1,158.68,1
17166,38,3,189.49,0
17169,49,4,816.88,0
17171,288,1,224.91,1
17172,74,2,313.26,0
17173,4,9,3755.65,0
17174,217,1,59.9,2
17175,43,5,1430.94,0
17176,201,1,306.13,2
17179,177,3,711.79,2
17180,55,6,780.38,0
17181,56,2,239.92000000000002,0
17183,7,8,3286.9100000000003,0
17186,46,2,144.0,0
17187,226,1,203.95,1
17188,10,9,2275.58,0
17189,105,2,384.40000000000003,2
17190,58,3,249.74,0
17191,27,7,2095.13,0
17193,35,9,1674.46,0
17194,273,2,262.62,1
17197,29,1,1013.01,0
17198,23,3,692.22,0
17201,53,1,342.63,0
17203,35,6,3563.85,0
17204,168,9,1352.91,2
17205,53,1,384.08,0
17206,52,1,204.24,0
17211,26,9,2299.67,0
17212,252,1,226.85,1
17213,39,11,2741.08,0
17214,59,7,984.12,0
17217,233,1,113.5,1
17218,3,10,1960.72,0
17219,31,1,114.23,0
17220,23,14,3198.25,0
17221,6,2,335.13,0
17222,64,1,354.15,0
17223,309,2,426.79,1
17226,308,1,393.49,1
17227,18,6,939.32,0
17228,15,8,1906.09,0
17229,95,2,318.76,2
17230,263,11,3466.67,1
17231,11,14,3127.82,0
17232,2,2,421.52,0
17233,34,1,190.88,0
17234,182,1,149.89000000000001,2
17235,24,2,550.06,0
17236,12,6,916.13,0
17237,10,2,314.69,0
17238,2,17,3744.65,0
17239,312,2,379.95,1
17242,107,2,1135.04,2
17243,0,30,8628.55,0
17244,52,1,954.9,0
17245,204,1,171.45,2
17247,14,1,282.19,0
17248,119,1,318.65,2
17250,3,2,384.52,0
17251,362,1,283.28000000000003,1
17252,116,2,353.86,2
17253,17,1,178.26,0
17254,4,2,272.44,0
17255,40,2,298.41,0
17256,106,2,240.0,2
17259,147,2,603.37,2
17262,51,5,1253.3600000000001,0
17263,207,1,63.440000000000005,2
17265,138,2,562.9,2
17266,1,3,310.64,0
17267,126,2,317.62,2
17268,107,4,763.64,2
17272,41,5,2144.53,0
17274,34,1,111.97999999999999,0
17277,227,2,1065.3500000000001,1
17278,240,1,246.04,1
17279,57,1,187.82999999999998,0
17282,129,3,1703.41,2
17284,59,7,1641.68,0
17286,21,1,153.92,0
17287,25,7,1064.11,0
17288,8,7,1419.73,0
17289,31,4,936.16,0
17290,3,2,525.24,0
17291,307,1,550.8000000000001,1
17293,7,9,1875.1100000000001,0
17295,28,3,556.95,0
17297,16,1,131.78,0
17298,100,2,498.42,2
17299,11,4,669.11,0
17301,20,1,197.63,0
17302,14,6,1119.93,0
17303,360,1,250.04,1
17306,10,21,8600.73,0
17307,364,1,-152.64000000000001,1
17309,94,1,82.75,2
17311,77,2,1384.85,0
17312,138,3,644.3,2
17313,17,2,2288.13,0
17314,24,11,2514.76,0
17315,0,43,6204.46,0
17317,45,5,2524.02,0
17320,99,3,1200.6200000000001,2
17321,7,2,700.86,0
17323,14,9,908.99,0
17324,17,4,990.23,0
17325,279,1,96.8,1
17329,13,2,523.11,0
17330,22,2,363.9,0
17331,123,1,175.2,2
17333,85,1,494.25,0
17334,300,3,306.6,1
17337,150,7,1944.32,2
17338,16,10,6612.18,0
17339,93,2,243.36,2
17340,8,16,11891.18,0
17341,156,3,781.36,2
17343,354,1,193.64,1
17344,45,1,160.57,0
17345,14,4,537.74,0
17346,3,16,2611.58,0
17347,85,1,228.96,0
17348,14,5,1159.52,0
17349,178,1,110.75,2
17350,7,5,1256.19,0
17351,35,3,587.15,0
17353,128,2,1740.0,2
17354,50,1,1393.06,0
17356,311,1,178.22,1
17357,23,2,388.14,0
17358,302,2,365.85,1
17359,10,1,127.86,0
17360,16,3,585.79,0
17361,48,3,488.2,0
17362,238,2,312.23,1
17364,0,12,4455.73,0
17365,12,8,4801.56,0
17367,237,1,168.4,1
17368,22,9,1349.52,0
17370,72,4,446.18,0
17371,16,3,423.89,0
17372,40,8,1342.68,0
17373,39,4,646.92,0
17374,218,2,495.77,2
17375,189,4,372.5,2
17376,70,2,203.2,0
17377,23,21,3925.92,0
17379,10,1,404.66,0
17381,8,30,20272.43,0
17382,64,1,65.4,0
17383,3,1,199.29,0
17384,18,2,336.4,0
17385,14,1,261.11,0
17386,7,6,2686.42,0
17387,19,2,784.11,0
17388,77,4,1259.56,0
17389,0,43,31300.079999999998,0
17391,163,2,508.8,2
17392,306,2,457.91,1
17394,218,1,203.86999999999998,2
17396,38,8,7330.8,0
17397,21,2,696.41,0
17398,114,3,653.38,2
17400,125,5,2129.96,2
17402,4,13,2633.85,0
17403,35,1,281.62,0
17404,3,18,30300.82,0
17405,0,5,967.22,0
17406,329,5,1928.72,1
17408,162,1,32.65,2
17409,184,2,771.85,2
17410,15,5,1214.72,0
17411,11,4,748.94,0
17412,2,7,1258.06,0
17414,43,2,778.0,0
17415,79,1,507.84,0
17416,29,9,6838.34,0
17418,41,2,463.46000000000004,0
17419,10,14,4200.97,0
17420,49,3,598.83,0
17422,15,10,1853.1299999999999,0
17423,44,4,663.63,0
17425,18,2,759.17,0
17426,3,7,5022.26,0
17427,71,1,100.8,0
17428,0,33,17078.45,0
17429,120,4,512.12,2
17430,32,2,265.76,0
17431,312,1,403.3,1
17432,17,2,365.76,0
17433,87,1,303.15999999999997,0
17434,1,9,2333.42,0
17436,1,2,216.29999999999998,0
17438,246,2,378.3,1
17440,147,5,177.1,2
17442,28,10,2210.2599999999998,0
17443,219,1,534.24,2
17444,147,3,2940.04,2
17446,176,2,120.9,2
17447,39,2,541.53,0
17448,144,1,-4287.63,2
17449,1,8,2504.86,0
17450,7,55,187482.17,0
17451,0,10,1648.95,0
17453,17,2,486.71999999999997,0
17454,191,4,517.53,2
17455,203,1,131.7,2
17456,364,1,249.86,1
17457,126,5,1737.7,2
17458,14,1,316.5,0
17459,42,2,657.3,0
17460,78,8,452.63,0
17461,22,3,757.46,0
17462,50,3,662.94,0
17463,15,6,1881.36,0
17464,157,1,289.96000000000004,2
17466,9,2,763.28,0
17468,9,2,137.0,0
17469,15,6,1843.06,0
17470,44,5,1125.07,0
17472,190,3,710.29,2
17475,78,1,194.37,0
17480,73,2,506.51,0
17481,3,5,1249.34,0
17483,64,3,414.04,0
17486,260,1,396.87,1
17489,58,2,376.64,0
17490,0,11,1926.8799999999999,0
17491,0,11,3541.92,0
17492,247,1,374.57,1
17495,7,2,497.56,0
17496,358,1,271.05,1
17498,75,1,272.22,0
17499,289,1,622.88,1
17500,16,3,1138.0,0
17501,220,2,288.6,2
17502,8,4,689.1,0
17503,2,2,558.96,0
17504,205,10,2745.2799999999997,2
17505,161,2,1145.84,2
17506,69,2,294.29,0
17507,261,2,605.58,1
17508,280,1,387.31,1
17509,57,11,6100.74,0
17510,24,1,308.48,0
17511,2,46,88125.38,0
17512,28,11,2920.04,0
17513,71,1,513.2,0
17514,127,1,208.65,2
17515,30,4,639.02,0
17516,14,5,768.08,0
17517,308,1,153.94,1
17519,16,7,1839.07,0
17520,53,1,546.81,0
17521,23,4,721.9599999999999,0
17522,1,5,1070.71,0
17523,10,4,652.74,0
17524,360,1,145.0,1
17525,359,1,422.70000000000005,1
17526,0,8,706.7,0
17527,53,6,888.86,0
17528,0,11,3540.1,0
17530,0,10,2385.0,0
17531,120,2,293.45,2
17534,53,1,223.36,0
17535,279,1,164.4,1
17536,176,1,76.5,2
17537,29,2,897.62,0
17538,25,1,98.42,0
17540,8,3,570.4,0
17542,269,1,170.75,1
17545,42,3,645.96,0
17547,371,1,-11.8,1
17548,217,3,-141.48,2
17549,23,2,148.86,0
17550,196,3,267.16,2
17551,358,1,306.84,1
17552,42,6,909.96,0
17553,129,1,1487.6,2
17554,0,5,1952.45,0
17555,19,2,483.26,0
17556,205,1,157.9,2
17557,13,3,541.46,0
17560,94,5,854.95,2
17561,18,1,167.62,0
17562,13,8,1107.38,0
17564,23,3,454.01,0
17566,7,2,901.21,0
17567,6,10,4012.56,0
17569,331,1,344.14,1
17571,49,4,1498.51,0
17572,70,4,226.75000000000003,0
17573,28,4,362.9,0
17574,242,1,185.65,1
17576,7,22,3457.78,0
17578,190,2,124.74,2
17579,4,4,440.2,0
17580,252,3,215.72,1
17581,0,31,10736.11,0
17582,235,1,175.27,1
17584,6,3,1227.3,0
17585,108,4,1133.07,2
17588,99,3,1240.2,2
17589,59,4,2404.17,0
17590,1,3,1479.22,0
17591,72,8,2215.02,0
17593,3,6,3911.56,0
17594,84,2,993.18,0
17595,11,2,388.79,0
17596,22,7,2827.93,0
17597,213,1,2044.3700000000001,2
17600,17,1,161.67000000000002,0
17601,238,1,116.00999999999999,1
17602,1,8,5050.77,0
17603,49,5,-1165.3,0
17604,216,2,309.36,2
17608,32,2,193.42,0
17609,40,6,1103.92,0
17611,3,19,3947.87,0
17612,52,10,1992.76,0
17613,22,17,4509.37,0
17614,56,1,390.07,0
17615,129,3,329.6,2
17616,173,3,571.1999999999999,2
17618,5,3,971.58,0
17619,311,1,218.52,1
17620,59,1,81.44,0
17621,20,4,1336.1,0
17623,32,1,527.0500000000001,0
17624,14,2,843.48,0
17625,17,4,2047.0,0
17628,80,1,75.75,0
17629,5,9,1784.12,0
17630,169,2,503.59999999999997,2
17631,1,3,528.33,0
17633,30,6,1242.34,0
17634,35,9,2361.9700000000003,0
17636,8,2,265.93,0
17637,30,2,547.0600000000001,0
17639,275,1,108.5,1
17640,86,1,621.66,0
17642,119,2,712.29,2
17643,372,1,101.55,1
17644,0,17,2768.98,0
17646,218,4,995.6600000000001,2
17647,64,1,133.06,0
17648,60,5,1789.55,0
17649,134,2,861.74,2
17650,20,1,166.08,0
17651,11,14,3886.67,0
17652,24,18,4737.13,0
17653,28,5,1175.88,0
17654,276,1,117.55,1
17655,10,8,2571.7400000000002,0
17656,72,5,1674.69,0
17658,10,3,485.88,0
17659,3,14,2954.75,0
17660,140,1,196.0,2
17663,25,9,1788.27,0
17664,18,2,604.64,0
17666,3,2,728.16,0
17667,65,5,2055.51,0
17668,0,2,347.75,0
17669,42,7,3406.7200000000003,0
17670,227,1,205.7,1
17671,15,6,1284.08,0
17672,43,4,3106.62,0
17673,0,7,1622.22,0
17674,73,2,551.04,0
17675,0,41,20098.1,0
17676,3,7,1383.27,0
17677,1,43,16219.22,0
17678,263,1,298.11,1
17679,52,2,1992.1100000000001,0
17680,23,1,184.4,0
17682,9,7,2459.33,0
17684,43,1,239.41,0
17685,16,7,3191.53,0
17686,6,7,5739.46,0
17690,29,16,4748.45,0
17691,357,2,290.40000000000003,1
17692,126,5,733.4399999999999,2
17693,135,3,187.02,2
17694,141,1,283.12,2
17695,131,2,765.34,2
17696,37,14,2201.05,0
17697,235,1,338.95,1
17698,260,1,154.95,1
17700,16,6,2508.89,0
17701,252,1,417.95,1
17702,29,6,1719.72,0
17703,34,3,798.74,0
17704,168,2,885.19,2
17705,2,10,1781.12,0
17706,3,22,10097.37,0
17707,184,2,152.4,2
17708,187,2,267.08,2
17709,169,1,137.45,2
17711,10,2,385.1,0
17712,44,1,522.91,0
17714,320,1,153.0,1
17715,200,1,326.4,2
17716,22,12,5505.79,0
17718,231,1,139.35,1
17719,37,18,5367.8,0
17720,25,4,1195.94,0
17722,95,6,2380.64,2
17723,126,6,3276.4000000000005,2
17724,57,4,995.6500000000001,0
17725,15,14,3371.13,0
17727,8,2,1042.55,0
17728,3,5,2515.68,0
17730,2,15,5288.83,0
17731,78,5,878.2,0
17732,372,1,303.97,1
17733,38,2,692.19,0
17734,53,3,700.63,0
17735,1,19,13110.02,0
17736,8,4,337.49,0
17737,8,2,168.24,0
17738,18,5,1863.35,0
17739,11,8,2786.05,0
17742,112,2,355.11,2
17744,3,7,2291.08,0
17746,234,2,98.8,1
17747,99,2,64.65,2
17749,177,2,674.52,2
17750,4,9,1797.57,0
17752,358,1,80.64,1
17754,0,6,1739.92,0
17757,0,31,5585.49,0
17758,18,8,3456.7000000000003,0
17759,16,3,834.99,0
17760,21,2,287.59,0
17761,32,1,712.78,0
17763,262,1,15.0,1
17764,50,2,818.8199999999999,0
17765,158,3,371.88,2
17767,14,1,271.2,0
17768,7,3,2273.1800000000003,0
17769,12,12,3960.63,0
17770,198,5,1143.27,2
17771,56,2,245.81,0
17772,10,2,182.77,0
17774,96,5,1215.46,2
17775,254,1,56.4,1
17777,24,3,665.86,0
17779,20,5,642.17,0
17781,158,2,188.02,2
17783,71,2,283.47,0
17785,52,1,131.94,0
17786,84,2,278.74,0
17787,152,4,1865.19,2
17788,73,2,1117.9,0
17789,280,1,225.9,1
17790,26,14,1965.55,0
17791,29,1,106.1,0
17793,24,1,323.04,0
17795,179,2,350.39,2
17796,39,4,697.9,0
17797,21,3,780.43,0
17799,21,11,3026.08,0
17800,36,9,1199.01,0
17802,81,4,1251.84,0
17805,73,1,512.31,0
17806,10,1,546.04,0
17809,15,15,4627.62,0
17811,3,51,7677.71,0
17812,12,4,732.16,0
17813,13,7,1714.6,0
17816,36,4,36.56,0
17817,3,3,387.68,0
17819,71,8,3661.0699999999997,0
17820,190,2,-24.05,2
17824,50,1,298.4,0
17827,4,5,1995.46,0
17828,8,9,1599.97,0
17829,298,1,889.24,1
17830,1,3,398.7,0
17831,32,1,35.400000000000006,0
17832,49,1,155.37,0
17835,2,3,350.64,0
17836,46,1,110.21000000000001,0
17837,41,10,1560.53,0
17838,26,6,2312.7,0
17839,41,1,338.8,0
17841,1,169,40340.78,0
17843,302,1,205.48,1
17844,106,1,51.559999999999995,2
17846,84,1,2033.1,0
17848,80,9,901.1999999999999,0
17849,217,4,605.8000000000001,2
17850,301,35,5288.63,1
17852,11,2,114.34,0
17854,184,2,311.26,2
17855,372,1,208.97,1
17856,1,6,1393.79,0
17857,2,25,26763.34,0
17858,5,12,5155.66,0
17859,304,1,148.21,1
17860,368,1,252.8,1
17861,2,9,2059.2,0
17862,323,1,330.9,1
17863,58,6,3160.0,0
17864,12,3,597.5,0
17865,30,27,10158.54,0
17866,142,2,325.7,2
17867,29,8,622.75,0
17869,106,5,428.18,2
17870,1,13,1889.4,0
17871,204,1,155.9,2
17873,79,6,1764.3600000000001,0
17874,184,7,658.26,2
17877,169,1,237.61,2
17878,43,1,379.45,0
17879,173,1,178.51999999999998,2
17880,364,1,458.92,1
17881,303,1,133.35000000000002,1
17883,2,4,671.77,0
17884,3,4,717.45,0
17885,11,1,190.19,0
17886,31,3,899.61,0
17887,128,1,111.35,2
17888,18,10,525.78,0
17889,211,2,203.87,2
17890,322,2,602.09,1
17891,161,1,203.85999999999999,2
17892,55,3,244.1,0
17893,224,1,112.25,1
17894,71,8,1119.81,0
17895,43,1,98.0,0
17896,22,1,256.32,0
17897,172,4,541.1,2
17898,84,2,152.06,0
17899,158,1,155.8,2
17900,164,4,15.0,2
17901,28,1,110.38,0
17904,20,2,178.92,0
17905,70,4,800.24,0
17906,246,1,72.9,1
17908,373,1,243.28,1
17911,8,1,366.23,0
17912,309,6,295.61,1
17913,58,2,411.6,0
17914,3,1,336.43,0
17917,44,3,341.28,0
17919,87,1,1304.04,0
17920,3,17,4204.1,0
17921,63,4,826.52,0
17923,281,1,207.50000000000003,1
17924,0,13,2894.33,0
17925,372,1,244.08,1
17926,132,2,397.29,2
17928,44,2,212.54,0
17929,10,5,834.5,0
17930,35,5,1740.48,0
17931,133,2,408.36,2
17932,28,3,1331.57,0
17934,51,2,704.25,0
17935,137,2,145.79,2
17936,4,1,389.84,0
17937,8,7,4301.22,0
17939,159,1,99.14,2
17940,48,14,1983.5800000000002,0
17941,130,1,304.56,2
17942,7,1,77.50000000000001,0
17946,232,2,149.57999999999998,1
17947,36,1,176.68,0
17948,146,1,358.56000000000006,2
17949,0,52,52750.84,0
17950,71,4,472.12,0
17951,39,4,990.8400000000001,0
17954,4,16,2295.37,0
17955,198,4,557.3,2
17956,248,1,12.75,1
17957,65,1,111.68,0
17958,116,1,508.4599999999999,2
17960,170,1,73.78,2
17961,20,39,1296.44,0
17962,141,1,102.83,2
17964,31,2,471.7,0
17965,37,14,2622.57,0
17966,37,5,1098.43,0
17967,371,1,123.07,1
17968,373,1,277.35,1
17969,165,2,228.2,2
17970,210,1,582.59,2
17972,241,1,136.04,1
17973,51,1,337.04,0
17974,24,3,740.79,0
17975,14,14,4393.61,0
17976,371,1,353.19,1
17977,28,1,288.14,0
17978,364,1,300.91999999999996,1
17979,35,5,737.81,0
17980,165,3,811.45,2
17984,144,1,152.68,2
17985,21,1,634.95,0
17986,55,1,20.8,0
17987,184,1,198.57,2
17988,11,8,191.17000000000002,0
17990,236,3,630.84,1
17991,224,2,93.35,1
17994,121,6,629.6899999999999,2
17995,281,1,76.1,1
17997,73,12,1511.3,0
17999,36,2,382.06,0
18001,11,2,417.23,0
18004,361,1,169.47,1
18005,3,2,249.72,0
18006,22,1,444.68,0
18008,69,9,2116.19,0
18009,234,2,252.24,1
18010,256,1,174.8,1
18011,372,1,102.78999999999999,1
18013,154,2,187.29,2
18014,27,1,166.42,0
18015,3,1,120.03,0
18016,31,5,1483.56,0
18017,80,3,523.0,0
18018,107,2,122.14,2
18019,51,1,38.45,0
18022,35,1,668.11,0
18024,152,3,236.77999999999997,2
18027,98,1,115.31,2
18030,3,3,220.7,0
18032,333,1,73.5,1
18033,64,1,97.97,0
18034,21,2,422.88,0
18035,35,3,730.4,0
18036,31,3,405.62,0
18037,153,6,70.02,2
18040,18,2,357.20000000000005,0
18041,11,22,4161.14,0
18042,53,1,165.04999999999998,0
18043,24,3,559.51,0
18044,3,11,2085.65,0
18045,44,1,189.4,0
18048,202,2,172.29000000000002,2
18050,358,1,74.4,1
18053,65,2,297.07,0
18055,6,11,6752.14,0
18056,287,1,363.65,1
18058,9,1,170.16,0
18059,8,4,296.71,0
18061,21,10,2119.41,0
18062,172,3,720.52,2
18064,132,2,814.0,2
18065,5,15,2380.08,0
18066,74,1,318.0,0
18067,39,1,396.33,0
18068,288,1,101.69999999999999,1
18069,25,7,2021.82,0
18071,257,2,453.0,1
18072,154,2,-5.329070518200751e-15,2
18073,113,13,3864.44,2
18074,373,1,489.6,1
18075,22,14,2538.7200000000003,0
18077,7,11,2633.0099999999998,0
18078,216,2,336.13,2
18079,44,4,3651.97,0
18080,18,2,1231.5,0
18081,35,3,343.45,0
18082,25,1,703.37,0
18084,15,2,87.52999999999999,0
18085,329,2,689.95,1
18086,273,1,101.34,1
18087,97,4,3770.1199999999994,2
18088,60,1,167.67000000000002,0
18092,1,12,9065.76,0
18093,92,5,2083.42,2
18094,81,7,3017.3,0
18095,312,2,580.0500000000001,1
18096,11,3,911.15,0
18097,7,7,2692.85,0
18099,126,1,168.31,2
18101,10,2,223.65,0
18102,0,62,256438.49,0
18104,36,1,754.64,0
18105,37,1,113.48000000000002,0
18106,329,1,430.7,1
18108,248,2,264.65,1
18109,1,31,7925.32,0
18110,18,2,206.05,0
18112,11,2,352.69,0
18113,368,1,76.32000000000001,1
18114,289,1,220.1,1
18116,67,8,1418.03,0
18117,25,1,320.72,0
18118,10,31,5595.77,0
18119,367,1,181.12,1
18120,213,1,111.15,2
18121,148,2,673.1,2
18122,7,6,1826.21,0
18123,23,2,589.4399999999999,0
18125,29,5,1141.34,0
18126,60,1,206.82999999999998,0
18127,18,3,348.73,0
18129,242,1,112.55000000000001,1
18130,8,4,1045.74,0
18133,210,2,715.4999999999999,2
18135,28,5,681.9100000000001,0
18136,62,4,761.83,0
18138,294,1,152.65,1
18139,16,8,8393.22,0
18141,360,1,-35.400000000000006,1
18142,150,4,1014.9,2
18143,116,2,1000.16,2
18144,7,12,2888.75,0
18145,12,4,2861.55,0
18146,140,2,160.35000000000002,2
18147,45,2,179.33999999999997,0
18149,50,3,612.0799999999999,0
18150,31,3,566.58,0
18151,134,2,653.35,2
18154,2,2,399.19,0
18155,74,4,347.82,0
18156,12,2,734.94,0
18158,8,3,451.75,0
18159,300,1,530.15,1
18160,56,2,638.0600000000001,0
18161,9,6,1612.79,0
18164,30,2,394.7,0
18165,176,1,302.46000000000004,2
18167,3,6,1355.51,0
18168,175,9,1133.64,2
18169,60,1,202.65,0
18170,32,3,980.31,0
18171,58,7,1208.51,0
18172,14,25,7490.17,0
18173,86,4,2106.84,0
18174,6,1,104.0,0
18176,353,2,448.65,1
18177,30,7,1314.17,0
18178,113,6,1573.41,2
18179,8,6,1793.17,0
18180,4,6,1843.75,0
18181,23,1,382.8,0
18183,217,6,600.52,2
18184,14,1,49.8,0
18185,248,1,304.25,1
18188,14,4,1998.49,0
18189,77,3,1084.34,0
18190,191,3,274.51,2
18191,261,1,207.79999999999998,1
18192,71,1,957.97,0
18193,150,3,212.96,2
18194,63,2,896.0,0
18196,94,2,689.13,2
18198,3,21,5083.06,0
18200,105,1,163.8,2
18202,199,3,1396.99,2
18203,156,1,160.42000000000002,2
18204,70,4,1979.3,0
18205,35,2,517.36,0
18209,28,1,139.10000000000002,0
18210,1,6,2621.38,0
18211,25,5,600.07,0
18212,325,1,248.42,1
18213,236,1,232.48000000000002,1
18215,88,1,299.34000000000003,0
18216,30,1,481.75,0
18217,28,2,621.75,0
18218,205,4,626.38,2
18219,2,11,2019.77,0
18220,219,2,297.78000000000003,2
18221,21,6,1033.31,0
18222,92,1,443.0,2
18223,1,27,6315.2300000000005,0
18224,263,1,158.95000000000002,1
18225,2,17,5361.02,0
18226,38,14,5192.1,0
18227,217,1,93.75,2
18228,49,3,769.2,0
18229,11,20,7276.900000000001,0
18230,8,10,2716.6000000000004,0
18231,191,6,2066.17,2
18232,81,5,582.47,0
18233,325,1,440.0,1
18235,71,3,1796.48,0
18236,29,6,882.24,0
18237,2,5,987.1,0
18239,218,5,1561.6100000000001,2
18240,45,1,422.58,0
18241,9,18,2058.09,0
18242,71,4,2232.4900000000002,0
18245,6,8,2507.56,0
18246,23,2,596.1,0
18248,113,4,783.02,2
18249,16,1,95.34,0
18250,300,2,342.92,1
18251,86,1,4314.72,0
18252,50,2,526.67,0
18255,88,1,103.3,0
18256,354,1,-50.1,1
18257,38,12,2265.38,0
18259,24,3,2338.6000000000004,0
18260,172,8,2595.0,2
18261,42,2,324.24,0
18262,139,1,149.48,2
18263,22,4,1211.08,0
18265,71,2,801.51,0
18268,133,2,0.0,2
18269,357,2,138.9,1
18270,37,3,238.95000000000002,0
18272,2,7,3064.78,0
18273,1,3,204.0,0
18274,17,2,1.7763568394002505e-15,0
18276,20,3,323.36,0
18277,57,2,97.63,0
18278,73,1,173.9,0
18280,277,1,180.60000000000002,1
18281,180,1,80.82,2
18282,7,3,176.6,0
18283,3,16,2094.88,0
18287,42,3,1837.28,0
